wallet_address,is_smart_money
0x00000000000947821264914ad2c75f871aa2d026,0
0x0000000008eb6fbf5fa81ce1f058a30437660055,0
0x000000ffa51e8fd8dc15c5b77990234810a640e8,1
0x00000b700c8e682938856c866b5bd09d32eefb3b,0
0x00000cd8d737fdaba0b5118964db92699436f6af,0
0x00236feeac26ef92552e3981096350d136084c64,0
0x005fde5294199d5c3eb5eb7a6e51954123b74b1c,0
0x00827591a0970712fa0ec1171cf674b4e24de589,0
0x008300082c3000009e63680088f8c7f4d3ff2e87,1
0x0087c5900b9bbc051b5f6299f5bce92383273b28,0
0x008f10e2139abe2025964326dea823d05f8c1b69,0
0x00a06cf509dcf73fa366d25c65489c0097dbac05,0
0x00a2aebc7e233cd2ffe5ab5856f90f0ad2fa3ccd,0
0x00d2f4eb459bd4f7b175fd0cec578229bfa3bde7,1
0x00d6c72a127c5ba50d81b2b8fb2461263c07698e,0
0x00dee1f836998bcc736022f314df906588d44808,1
0x0135d27e85cfe97ee9e3b9e4047ee6022ec365f0,0
0x0156a98f1b82045c10cab22a0640f808fe21beea,0
0x01b140124236ac7b838bc31b8ae053134359660c,0
0x01d7266d668ab1f53ae50b53f882c74f9fa18499,0
0x01f78f128f09034744d2847cc8d5939719285527,1
0x020a11ba21b622196713d84b1201747900717736,0
0x029a5d9914cd331ae1b3efd3b5d1931e2a6dc56f,0
0x02eca8cc78b7d30c1ac5e16988ed2c8a9da658d6,0
0x032c61b5b65743364f60ab3f70181c25653e493a,0
0x0364aabefc13885f05d8ca86cbe3e564cd07f6f1,0
0x03c558aee40a9fced1cabe9b465bae8096e05230,1
0x03d9c4e0840626354d395c01ad5514fede8c7f8c,1
0x03eb1a4329f633a4e6c1d9564fc14561f2aa7f37,0
0x0427f5625b22a746835364b07144e5e0077006a1,0
0x042998bc6b5d683a58b86f4dee0c9ffc64b35267,0
0x042fad5e68794988146c446ef2a11abf069dcbca,0
0x043b16c52b7d6bb2c401390943b9723a69bd31ad,0
0x0477c2b67d25370a6defb63a2a890ee9b72d5be2,0
0x048aec9db462dadb5a493873aa37c231440dc698,0
0x04b89dbce06e7aa2f4bba78969add4576eb94788,1
0x04bbc4cb29632bb28296cdbabca6eef5bb162a41,0
0x04c1c643c77aedf4cb98980c3c94fc890d399d62,0
0x04c62b449056d592474830d647d25451ee9c5f40,1
0x04d50544ecd418a9c233fdc5b107592ea43600aa,0
0x052ecfff1158fa78706d9709c8ddf36744369245,0
0x0531354b1bbc263081ae5a8900d7c787ce5abc19,0
0x05391a4b0749c29335024f41552a56cfa6bd3883,0
0x0561e77b2da51d0496eaeff8eefa12b99b42b71b,0
0x058bbff7be9d3cb50cdb9e6f6929f023f2763b98,1
0x05a94a8dd7eb1ba5b1114cc5ef18855a221ac317,1
0x05b99ead937e89c549dc54ea6c879d5e4ff2dd74,1
0x05cd9660d3ff4d4de8ddfb139819595795a5e01f,1
0x05ebcce3895901f82e3c37cc39b46431ae4b5fa8,0
0x05f7531563b7d42f2776bf848da0568af916665b,0
0x061979019711fd0c9ef93510a996f770a9fc7b60,0
0x063715c525924fd84f91dd7f169c56a8250e8c6a,1
0x063adacc01db782093d0310bf3d5755d2adec424,1
0x068b623b5cc23300f6a44b1fe31bb213db031c33,1
0x06c05fbac28826fa24b5fe806f239277d8b5a9fd,1
0x06ceb374522f86ae62713f0ca392090934c5ac15,0
0x06d8aef9c419eedb931c1d0fcb388afe3b742620,0
0x0731e66a0beb417b7c16e15ccf7a4b363c2abb4f,1
0x080086911d8c78008800fae75871a657b77d0082,1
0x080ed78e7d919dc63915a7fd9038854b9a8b8f86,0
0x0811fd1808e14f0b93f0514313965a5f142c5539,1
0x081fba1f1fcb617e125ff2376218211061af3835,0
0x08666825b5093c95a91692239a320182a47cfb08,0
0x08808a8b2592ae09935edc18abf83d31471835c5,0
0x088cbfb51e7dd13d6134df004c7929033d8774c8,0
0x08cb226d3d239c4a96849ec9c7e3990d8177b29f,0
0x0931c8b3f5f0b97f91050d244c7367878b34f84b,0
0x09a199099ceee2da7b1da1afd3031c3d40f01b00,0
0x0a009741192aa0bffe53b376e000ce7435f00012,0
0x0a022fcc5a3120e70cc82aa45253f3e0e59ca95b,0
0x0a0fcf144514cb74909a4220a1a277d9ff01d158,0
0x0a109441facd6800de2213fb853d935456b6be9e,0
0x0a156d1b2007876365e2407c675351222ebf39a0,0
0x0a1ac7d31142760c430d0bb7c801c3c727a81d69,1
0x0a3da30d32b817fcd5b671ae539ba0b23249f4c7,0
0x0a7bf34dec67cf73f0e4ba5ec2b252dfa431d673,0
0x0ae1be13bd64f8cf22680bd378893e8fc1bc56ef,0
0x0b4e49d09a8ae348a51559f3d32002341657d4c5,0
0x0b80c366d3d92fcd4de0d4a3d596ced82edcf65d,1
0x0b8fa865b775b0b7ad60b34263dc139ef78d9100,0
0x0ba0a5f4425129dc261d5323e9c0066fcd2e24d0,0
0x0bbc60e4abca38e6abc78ce86998b63f073a919e,1
0x0bee59381f7bce4823e88476ce5f7097ae21b3f0,0
0x0c4085d8e714ca77ac5f46cd2b80a92d238a7cd3,0
0x0ca5dc4c3b675b441229fc1d8e8b5ad912588e5e,1
0x0cd7e1660d63a6aebda782a2eb7f2875716ac3e8,0
0x0d0b3a4fb611d11b044444ed2154cdcd7830d506,0
0x0d2237fd78538b7829be568aebf44b07d670b386,1
0x0d402f421baa1104320f2054074deff1de1bd1ba,0
0x0d7da677225d64b2de8bf690294fdabd6106fce8,0
0x0d8ba8ca9d86645a582800a321b1d6cc932ee14f,0
0x0daf132c5554fd7d5eb422585426af557d8847e0,1
0x0e3e59824b920e63911eadbb49d714ce90376a6f,1
0x0edd42c2888d9ecd7fbc11c657354953f33eef67,0
0x0f1e79860f44511c02f5e0aa882d4c167c1d18e0,1
0x0f9dfd170f6d3109f801f1475b11a9c135232538,0
0x0faa6191e7e0bfcb036c3738fcb3da328073add0,0
0x0fb13b24482226bb9f4ab3bd6fff68c4b6eb9aeb,0
0x0fc06977378fd94aa23af24ee75b993c265c140b,1
0x0fc3f0bc769fb677ad3d9bf64c470550629e255e,0
0x0fd32eaf3beab03fa1556b2e896cf2b35d265494,0
0x0ff82acd0cd11bff58729e7dc9cdcdbe1fcf7a74,1
0x0ff9cd97e32b86eb517b7fde7877028d66771985,0
0x100de74e6944c7d21df36001bdaf887cd085df47,1
0x1010e5259f8c3c9b73f803eec0bc16998a82b425,0
0x102407f67415dcc4068370625ca27f24bb2a03d5,0
0x1057c855a823203b32f49e1c1741a77fbe13ae31,1
0x1097727b7215ab9caf68ae6775f53ec9f1e91493,0
0x10dad59905d93ca37cd25a35f25349cb5956ba8e,0
0x1110f5b97703d14ac3de91bdcd12cd4566ae48d5,1
0x1111027d75220d6b59a7147e12c3039372b6ba4a,0
0x1111e3ef0b6ae32e14a55e0e7cd9b8505177c2bf,1
0x111206594f2fb5927f719b4417ab1da3d41b14b1,1
0x11456707148bd304dd25238f4666ac13b959ff39,1
0x11882ca26d94275436a3da07250eb0f0d6e9e52d,0
0x118e8ab69833a683e540496e47438d26c508634c,1
0x11d67fa925877813b744abc0917900c2b1d6eb81,1
0x122315c7d7c72b9e5b556c12662ac57a9ada7995,0
0x12b9caf109733d5140c0e9796bc408746cecda15,0
0x1334c337bb8680e2becd36cc5183f1f28cd12a6b,0
0x138ceabfdc60667d2617dd0e951e5f920e468489,0
0x13f26c1dc0c983cc6aceaaf753f98ad58155a99b,0
0x1437ad00cdc0b0b080856ad08e8fa95a5e1b06e9,0
0x143c78f33a977aad820b59cfb88c1f1e23519642,1
0x1448c6f6356f526670a8148e7c691678616e4af9,0
0x14975679e5f87c25fa2c54958e735a79b5b93043,0
0x14b7441748b088db204530ee4739a7065e0148e1,0
0x14faa112a14b70328d2ca17102aafe398f0c369c,1
0x15ff3859af506d6e4d7e5fdf335628fc1e3ef1ce,0
0x167c9aa7fbab3b0d29058c12496c6aac8d593b50,1
0x1683816bb59480be6e20f876ac6432e2b169dfcb,0
0x16c473448e770ff647c69cbe19e28528877fba1b,1
0x16e85214c9c5d5f0afefcff1d28eb11e97ea196e,0
0x16f037a3ddf53da1b047a926e1833219f0a8e1fc,1
0x1778767436111ec0adb10f9ba4f51a329d0e7770,0
0x1778a92beddd4ac9e7c3afcdcd71192bd930bc95,0
0x17b4051556118ed22424b9230725b08e4acd939f,1
0x17f6c9e6cd10ef3ba39ed4152723e44f5359a317,0
0x17f712b77c8d7570260c460f7cb1672d31d5ed1d,0
0x17fd2feedabe71f013f5228ed9a52de58291b15d,0
0x18065a3d0ed71276aa9290ebb6ba8aefcc229811,0
0x1813eae046e265511b10e0745155c74ae9eea78b,1
0x186645fafdd6d3de2d819596d5891341b2c57c32,0
0x187dd9e0be80972ab2d14b5a5f69c1f5540ace57,0
0x188c91daa2dd6b99331a65f87be6f9b0f18f218f,1
0x18930f2ed9ee4d2f9e12642e717f016725919def,0
0x18d888f688733edd8ea7ff810da3373e807d43a2,0
0x19087cd19b4202ffc40e5b4432b107b33b3c4569,0
0x1929d726442305465f7d0996be32c71ba2b5f45a,0
0x197d0b8d520667f6a14ce98215c2f945e6cd3ccc,0
0x19a430a99d7d70d1cfd82b8063b4d5924613e5f1,1
0x19a8a2ccfba8e4679956512033ee9092b66fde26,0
0x1a557354c5b8d7df38ea914209e416dc7065b158,0
0x1a56abf4fe95e21c1704cbd5ffc79ea1effa3cc1,1
0x1a94a3ee6ab765b487cec83a8334a11dd350e9fb,0
0x1a9f2d2a11654282360683aee55a2acad681832d,1
0x1ab6d62037fa7deaa29cb54ce10eb8020633f71d,1
0x1ad2df0e33378c5c6479a92990a6c2c005bf3b60,1
0x1adb67a4c80a760579378624714dc01b89e69549,1
0x1afc1ab161fa0c283ad274836f13fbd3bc1a22c4,0
0x1afe4af44d3d60a066ef9cb22bb4d2af4bb8a5c1,1
0x1b1548763f8d5d6d3c37ad500f389b57e107bbff,0
0x1b1aa8f5830db779e905872d75ea13e688c897ef,1
0x1b23fe057e195f3519dceeb9f892b77129822f9a,0
0x1b8eabf8bff8bdcde721cde33067739d312dd0c9,0
0x1b9fcb24c533839dc847235bd8eb80e37ec42f85,1
0x1bb3c7f27a9170194dcc6b143c0fbc4ad162f123,1
0x1bb9bc5be209b77786f59e739dfdb9fe9aac916e,0
0x1be3d6c73e7af74a0ab818c4a95bd72f058f320a,1
0x1c0cbb9d8bb5363f74192e94f48941fe950f3cf4,0
0x1c586f015054dd99c1aa730ee1902b7a12e1c1e0,0
0x1cb7f3eab52bbe5f6635378b09d4856fb43ff7be,0
0x1cdde20fd300c95427819be44a4fdc8c537361f1,0
0x1ce39d79e7a2bdf12c359c2c420a24a50bb05a3a,0
0x1d57184a354d58d8a0809b8a692e7a246b475c59,0
0x1d607e4eb747f1294ae632d3490f121b00db9312,0
0x1d71fa2831f20d304cd19f14845d609a241a2d9c,1
0x1d93a938203384d61da544310217e59e60a03eca,1
0x1dfde7c627d1ea54b722c1b0d435b457768449f5,1
0x1dff1e9968222aa6c66bf402bac2c3fe5ed13f76,0
0x1dffdb114e58baedbd25290a1efffa9fc3726d1f,1
0x1e0ec521b74ddbe96a613429e9971430bde1ff6d,0
0x1e48f1007fa133f643941d58cb6b080dc621e773,1
0x1e567b7a92d3dc290f9ad3a82eacb8b9fa4201cb,0
0x1e830ed61b6f1bb785481de18b06283d0736b955,0
0x1ea07a4f1e3fa3888d392e1faa20fb5481c433e2,0
0x1ea99409b7b842df22192eef5f1826c5a6fde8da,0
0x1ed2584074b802929c7d94ca43459ac9b074141d,1
0x1f186c30d328c914efbc8ec90135591a8ee94070,0
0x1f204a761ca818737f8be5a77663a4479696c750,1
0x1f331dca5bfd0fd77e99a7473a8d50573f618d7f,0
0x1f4a7eaf9bbc36d2bcb45abb0361e300185d9288,0
0x1f7589d2d5738e976734490c2162f23e62ee4693,0
0x1f793d9f0368c1da329cb112212d81d521e7a9b8,0
0x1f9b1b84fe59fce1dba1ac2542c725bf23215f22,1
0x1fb89a3e36b435d727586220eacc3f34cf717fdb,1
0x1fd0c666094d8c5dae247aa6c3c4c33fd21bdc91,1
0x20b0c227b81c60678ce7b105b53ec7689c60cb57,0
0x20f9fa4a0eee6ee4dbd02ee007d11651ed484304,0
0x21219d6ad756984a323afbe8e5baf49a9152c997,0
0x21351ef1fbbfddd971ace8a3b7eb67f5cc186c73,0
0x21550c0d8d8e8982cb4702949887a14f66243d0d,0
0x2155287d8379b3254f64053b517641d512e99862,0
0x2158e7614eae8434eb5cfdc921561dac779a0ec6,0
0x2178e1d614fefb2b304db58f07116d89f948fda1,1
0x219036d90fca81e2be626c8f2fbe7defd29a0c4f,0
0x2276f36c0c077abf138fbbc045143c3d53ac190c,0
0x22c45fb52c9ef7bfaff34a0daf4ec9c361bbbe17,1
0x232694077ba53be803110549c5e0b264337a5798,1
0x2326d4fb2737666dda96bd6314e3d4418246cfe8,1
0x234de29cc82f9ce20cdc71b8b4baf6d51f4a1a64,0
0x2357b999c3d8f5fe44957f8f5b8c31d9854412bf,1
0x235909a5345af86536e4ddbe9f753db6b3c919f7,0
0x23744c484ea29847b282e889a2ab60abc4441e27,0
0x23ddfe708e80b05d4796bdb121e3e2787a11f8f6,0
0x240926d7f0000006608b59d3952a5b64d3877d15,1
0x244a27c339c9aa56a000000acacc1bd96a396774,0
0x2455104352b594f03db8ae6105a408744aeec07d,0
0x2476f1712ed6077197bf5b0fe8e60d7753f5b1ed,1
0x24892cfaab12d98b23ffa00bcaca4999c7187976,0
0x24ad57fe35cffc6e75bd786a8d52d6797eb6de6a,0
0x25378b4200e3bd002b696b10a4f5e2e5b5786cdd,1
0x2544b6eda4ff166cfb1f645a80b51e08d414a11f,1
0x2545cad8513fa13470516072936df6406706998e,0
0x25504c84790c2bdf090b8779424889993e9b938e,1
0x25574191c20cc49041b37147484fae4f19f3de8b,0
0x256178664ac297e9c6b1a124849bbad3302c2382,0
0x256661bec2395b3d562df053af1fd0e60f302431,0
0x2581f70e8c65e357c01cfb591397c39004b3fa4a,0
0x25ed9bb400c5be8b76d83b2bbbed4ac1c1c4379c,0
0x2603b2e95f9b38a182dcc2daa8dcfd09ef0f6651,0
0x261af5e14c12faecd04644d2224c6225a10ab9fa,0
0x26689d683fa263927607495716c0d1f11be5fe33,0
0x26ce7c1976c5eec83ea6ac22d83cb341b08850af,1
0x274cee4e810429c49bf3c2b71ebc70f717823040,0
0x277a3f2acad0b84626a63caa767d398aa96a2907,1
0x278e2d4fa4ddbf34168fe3417ac0a852d4f999d6,0
0x27a43abd397fb52bf874dda13be35858e5c72762,1
0x27b7eaf0db6e34435c838874595c91c0a33eb5b7,0
0x27c2a147a8420471c4164d5e8c497e9d937223de,0
0x27ce87b944e744eb415168d4da672a2135c4b06e,0
0x2800499530a8e5872e08bd7a2dfa6be26c13c0a4,0
0x28a55c4b4f9615fde3cdaddf6cc01fcf2e38a6b0,0
0x28b1bd44996105b5c14c4de41093226ff78a4eb1,0
0x28d79c63867a31a753e87d024e9755c3b2cf63f0,0
0x28fec15fa224eb586a4c73a9b5fe7d911c3d7c7e,1
0x295868c13a7abb9d8af6bfbdfad71af61a61da3d,0
0x299188475f29ef2984e020cba55ec02c522a9087,0
0x29c7e5037665f3919507c8357e7d1eba4a8fe2dc,0
0x29d92a1517034636720fd3bd7e48c4649a249ee8,0
0x2a31c7c2c45bc8f5e9113ba4c9e3cb6b7fedcfa9,1
0x2a35d1daa43bd404b5a38ca849f8b19b94d4afd1,0
0x2a9c628f9b1b06a881407ae457ffb0e51fb7e752,0
0x2ada6836a3836e91e4be76f32646ded93399b346,0
0x2ae08196c5323f5cd1a792de2124914ff4704e03,1
0x2b25b37c683f042e9ae1877bc59a1bb642eb1073,1
0x2b271ac88a4caa57e67b5bcb49fbea3d5963b990,0
0x2b2addc62c8a13865489a336d83ba1eed3377f28,0
0x2b3dbdb06de1eeb41a0662de9fd3e697eb191ff0,0
0x2b728f85296b0cf98fc08f492e7f983636ca3870,1
0x2ba553d9f990a3b66b03b2dc0d030dfc1c061036,0
0x2bb33026ff3f7ab84cecb0e0a470ac710dd28ce2,1
0x2c0aca65ab8e5a53c3b45458fe34ebb231c3370e,1
0x2c106367ec891c1d7de2d2c3cf5f369845f5db1e,0
0x2c43a0c66729192d4b25209929b5feb53b6bedec,0
0x2cdf1a1cc0964e6639a99a82634915be2201f0a9,1
0x2d1caf6d813670de0d8712c3a8dde59931358c61,0
0x2d525a7eab9b6645053e22816450f27ee242303d,0
0x2d966e07ec3e401dea06c21331f109917af8df90,0
0x2d99883e8defdaffda8b10b719709d1b723b405b,1
0x2dad3ac73c4c8305019e117c71a573913c373b11,0
0x2de373887b9742162c9a5885ddb5debea8e4486d,0
0x2dee66d613209900789cf630599bf7b751479747,0
0x2e05144d32c0a58fdc545ddfc9048d51597864ca,1
0x2e32935bfd5b2718f99bc8fdf8b37c16811f7d97,0
0x2e55da8c2404548a9b92dcbea1a1d9147d132729,0
0x2e73ba0857b2ab02fe338a446117bc8f3b828e8f,0
0x2ee36e41387f87b7e6f678a86d1e575b23b996f5,1
0x2eff0710281c464c34602cb41053fe45407dd618,0
0x2f1e7ced9f5f7edc39459c28f5d7eb4823c60030,0
0x2f53d23196fa489e2e5bf4b5494a03ab7611c4ff,1
0x2f79217c613d69204669cce1be122310d4b4db9b,1
0x2f821d8936d47b2fd15371fb0812fda35396036b,1
0x2fbd0e9052cb479a0ce55547c7b138ffe3f2a6b7,0
0x2feb0899a1fef88bc260a5c9e25f29a84b60bbb2,0
0x2fedafb161106081fad075d0a7c6f3ea6d143ddd,0
0x3004892cf2946356e8e4570a94748afdff86681c,0
0x30095c2c70db24a59c9cf974fb172f93a486994d,0
0x302892a9a3fe7094e4ba96fe5a20a28e05f408ea,0
0x305ef9ded7ddf6614a8d4bb431ede0ff191b0dd0,0
0x30ef7a2bffafea6a4e18462c58377ceef2dbc109,0
0x311fe789ee348d4d17915c21fa4b775630e45f04,0
0x3131f201bc68c615e289fcfdd6ead12e8a94c768,1
0x31a256e01900f93831361df928eb32f83a6af40e,1
0x31a55e8093d61643dced5b4a536472c770ed8364,0
0x31b07f4580fe9a278673fbe8657b8df24fd41f05,0
0x31bacbbf2c5a364c345055fe47556d42f42937a3,0
0x31d2fc6cbd4d5fd9f70a4f6f1e9c60e65c7ae966,0
0x3240f5819de3fcd90db9294b38b926b28ccaae50,0
0x32656cb685eb2234840993d3b5a1907331f0c6b6,0
0x328db7533203c9b9bdd21d071490b667a4030f26,0
0x32a7ae284491495d1e430aae9b6449cc3b322079,0
0x32b487b44f4e7c6485209dbab4e985bea8dc0b06,0
0x32ff533ceb61057402c796934ec14db6100059e1,0
0x3325fead20aeb2f201f21c90e030061dab03424c,0
0x333c92538e7f47d17c79e5975d4e40e901427558,1
0x334718aa9b9521c683a270c51794a1e23a2a72d6,0
0x3381fcaca7573c5a1627e93c19b24b0ebcae114c,0
0x339214de35603aeeaf620d8fd06b7c17d3d71874,0
0x33a57f4e88c9ceb0788eb41a407e51533d70cc4d,0
0x33c6eb2167c95e3366dafdf3a11415e78657f48e,0
0x3409084488619246520052f3f3bff3f8b9d67417,0
0x346c802df3404bec2f265603db28b815321251ee,1
0x349937ad5db113cfe177fef8f9031878eb255583,1
0x34a20024c3bb8706e8171e9ae0650a93e6f3bb2f,0
0x34a64a630f9bb4c8ecaa6af99df079b34195e791,0
0x34e4970b50abc289cce7b1088c140ecaefe56d48,1
0x34faf6e3e413dd5df0eef386bb48eb68ff7b5a56,0
0x3511f837687ff7272a39a231cac1452ad71141fa,0
0x3519ee4d387150f230baca90f5c50e9d296164c6,0
0x3525a90b8105009ce4ba4201c0dfd16530ee2702,1
0x354eddd5a82795bb8104aa3087737ee3707df36e,0
0x3573e7081d4ed903616b10b0465b7703e147fcab,0
0x35e22e9b17d0719242cbb20007e38ac12e3367eb,0
0x3616ba9f9f47be4a3560d159ce3ebc1f1fa8d2d2,0
0x3650bffa5c493d52dc63db165ae507b38e246cda,0
0x36a3d21e7e9aa4075afe920f7a868019e44ae1f8,0
0x36b2040ae5a8ed4043f2af1c574ec9e19a1393dc,0
0x375fe5372fe5cae1329ade81d16ce26b14c2bbe5,0
0x37829fe9b8e67b8267c2058b9459f524b9e3ca5d,1
0x3810b6c2fda013cc9462c5b5447f9221995e7ca1,0
0x38b1f7e18c506c52bc23278e88c1a03e3e849dd2,1
0x38cd9ae8f2aec542ea85fea94b0baa844e166f23,0
0x393ea4eb2b2d19691c46741bbc4206f149277131,0
0x39419e2f124a2bff928c64494bff67bae96c83d3,1
0x3953d0c62d960e25ccb588a7402f01c9ae84a6ea,1
0x399ffeee2b7e86d69a2b2bba51d882eb3a83e196,1
0x39a5d1a636bade0ce8db69fa5aebfbe203c3ead2,0
0x39ae3c611c3593fe798390f74b38dd2e6e165142,0
0x39e4ffd691e3256adfc9681aaea7fd2384ac10f4,0
0x3a00d5294446b8af67ca03892a9550349b27351d,1
0x3a2bc775049204186e1fcb419bdb48bbe8063a2b,1
0x3a79d23a95c04b442b02370678fcc52cdd41cbd0,0
0x3a8315e25378ce9fc0d3279b26ec0576de52c0ff,0
0x3afb0b4ca9ab60165e207cb14067b07a04114413,0
0x3b0eb3f7ed141e4f7153c612132f79c4c22147f4,1
0x3b15cec2d922ab0ef74688bcc1056461049f89cb,1
0x3b1af8d8768e59ae174e136d3ff8cf57d882b36c,0
0x3b2152c06637d5ef70e4b5b7775c4c72df854361,0
0x3b25d8e0801df1264a3d3a5f0bb79bbc292a09fb,1
0x3b40af8e80b09f4a54b1eb763031d4880f765bdc,1
0x3b5771b3d731d5a8c2468dc79c228d05e7383d69,0
0x3bc17d7a03b3b81ccfe40f6cf9f148b56446517f,0
0x3c4895a5358cb20796b697b5595abc023f3bced2,0
0x3c9ea5c4fec2a77e23dd82539f4414266fe8f757,1
0x3cb269a4b9f8e69baa614ace858d1b815d630b1b,1
0x3cda0a43e8bc0832fdcfa3ece695e784b18beaef,0
0x3d10ed16c911cd22d100cbc00165c918a2df66bc,0
0x3d1bc92b1635a76193e67e86fa0b10cd8b8b1ab9,1
0x3d3d3979d9f3422cf36ea900515971cbe44dee9f,1
0x3d5d85ef0a560e947b98cefcb8f498cf8cc22734,0
0x3d782c0c69101358a8267ba116c86726fdf35f91,0
0x3da232a0c0a5c59918d7b5ff77bf1c8fc93aee1b,1
0x3dd00bf48fd46e58edd208963c6c5f09cdfe46ce,0
0x3e23fb0715e9be36eb8d02ce7e50dde80494a90b,0
0x3e8734ec146c981e3ed1f6b582d447dde701d90c,1
0x3ea68f362520bfa09d2defc6169eedf9e9b70408,0
0x3ee301d27fd556eca7aaa8c50cdbd461577c42a6,0
0x3ef9c488689dae71a314d86dbf0b2c9a90f00c8b,1
0x3f132559061132fa77c60df5ff8c75de99a57145,0
0x3f1647d33707830e088e9cb6aa791017a1dfdf84,0
0x3f43ca9fed3968abb621589ba6c06f85879e7d57,0
0x3f7c10cbbb1ea1046a80b738b9eaf3217410c7f6,0
0x3fb03a65f00c51c815cbdb54de843992332c5131,0
0x3fbac8506b8d74f082d29134c0cd41b61c54737d,1
0x3fbb0767f7a9b66f1e1e02086cc4a0243a1d2ff4,0
0x40521fdd68cc3b1c9fad151e28ed9c5d59cc9947,0
0x40534e513df8277870b81e97b5107b3f39de4f15,0
0x4066e9bd5618373d2da7a1cb7bba03ef800875ee,1
0x407cff84eeaacda390fe302c99fa5dd32521bc53,1
0x408613ba0eaf85675999cd3729ea3cbff84a6b21,1
0x408d3cfbcb3b8b391b3badddfa8fa4626eb56f4d,0
0x4118c95552b980059884ab0f532981980f528678,0
0x411ec29a5619d17eee9623f1a9a74bcda5a2ca81,0
0x4138f7b064dc467a7c801c8ce19b94c98120a473,0
0x415ea36a04f8e7e22668606c83d9d2c47400e493,0
0x41995207fcf9372864b0f15534cb86cc304f1587,1
0x41be328eb0d913c6a2f4cf18fc2cd0f130d23614,1
0x42270424918609bd60e1d3e12d7bcea1b9ec3513,0
0x4249ffddac62b7da3d2eefeb96b3223a6eeb234b,0
0x4269643d7c8e7fab269e51853dc7e7a0cf25d0d8,0
0x4277c13b553351cbe438bf9784c1613695a8ccc1,0
0x428e0c8fa5ca54e7c6c561140ebe2cab5665a222,0
0x429c98fc75b94baf61f677fb360349a58356e88d,0
0x42cb97c2695cf6227c3a1323a1942089abc9716b,1
0x42cdd61ba92d4aef65e52d29e4cc09770c4392ee,0
0x42eadf6fe45b51b729c165c3f636b8ccaa35d705,1
0x42ebfc71305df86e4b78843ccc65d63253620a3d,0
0x432359577f296da118e24d9fcb3f23aadbf49917,0
0x435713de667848a8fa683289b36e19e32d0c17b4,0
0x43906387977047b815e19ebab9c8a0c5d68fa3e5,0
0x43dd5e59575f70746d1523a50e700fd741e5ed86,0
0x43debe92a7a32dca999593fad617dbd2e6b080a5,1
0x43e9fa7a60f80711c9d3afe4ce1bb3e8c3f7a9b8,1
0x440888714a6afed60ff44e9975a96e6a36f7fac4,1
0x4408dd1bb11ed1a411493c4c9fccad53b5e62518,0
0x4421d14d4ab52c7c4bb82741ed274415563a0e22,1
0x4444ea024a03f1016e9337db5e97ff665cfa71ca,0
0x4471249cf835cf245ec7a2745711fbf3625dbb41,0
0x44a72754b072998e14ae22609ee30231d33c6ec5,1
0x44c437cc3c57596da98b8e059ee2cc0604cf8717,1
0x459714ce7e445bf6eba30e9b97d77be4ca027201,0
0x45ebb1c54f223c5905a7683164656b63527bc11b,1
0x46f4ce4450f6bba15df99ffd06e27110bfff7950,0
0x473d3a2005499301dc353afa9d0c9c5980b5188c,0
0x477979de7efcc6afbc080ae522edf7c591f441a1,0
0x477cac2fc44a60492a8b637b77a99be4debcef20,1
0x479b454f499333551682214f3859c2520a83c6ad,0
0x47a127f496d001f187ac65fc24852274dc51d080,0
0x47aa6815c214837bdc09f5551f4ff9bdcea9c47b,0
0x480a15f9fdb1757d1db6cedc620772553f496637,0
0x484a8e9d2d135c59d00a3d99a8bdec1dc04cb097,0
0x485c07c5516315881c732c90122ba4de3f356180,0
0x4874e08a2994e2af088c210246f877237a4b304b,0
0x4889de78304826faf170642322723960637a28a6,0
0x48cce57c4d2dbb31eaf79575abf482bbb8dc071d,1
0x48dfdc27a7213f1965ee8573e6cc08d33b2a5db7,0
0x48e731267ddcda81abe99c727cffa302a7c39a98,1
0x49302220ca6315f3a6b7d15c089a431721be5c46,0
0x495e8934cccb9585d60d4dbe6041ee531d20499c,0
0x4962c78049f1868617b97c3931b98af6ee176ed8,0
0x49d11432a706011e4b459e0ebc847f21d64b47e0,0
0x49efa792645b523ef3b47b27ede7c7469220ed1d,0
0x4a03ea3a4cd602e3f18733b95eebbb01de68379d,0
0x4a807391024dcf9697a09a68bbde8077e8545b9a,0
0x4a8bf32e7c17960f198bf8cff9ff7f17c195502b,0
0x4b209fcae86138a1bbce84bd20eb82a41d331042,1
0x4b2e310b10c9e7cd048c7378c24be1f806659d4f,1
0x4b56fde8006def65252a38a4b20b13ae03990afa,0
0x4b89f1d08d49b723ff8e4632ce1a779e66463fec,0
0x4c055329042980eea72b49e8b8f2b1f2672243e8,0
0x4c1aed6376802c6db50728a4f1bf5d981425d308,1
0x4c2de0c63b7e6d530df7e6221201e29858cae7de,0
0x4c3c8d530a5c825c207d94d8d96e07d66f46e641,0
0x4c8cfccecadc82d1f76a4965a83ecb70a68eafb8,0
0x4cafbfb9577f0d55dd508e633b8953cf8393d63c,0
0x4cc47062a8c94550489fedebd7229a59a1b92ae0,0
0x4d053e5db5aaa71ccd095db914009c35fef071bb,0
0x4d072f908236d4be638a5051b07bf827269f8a19,0
0x4d088446fd56d5451be1211353c5eb5a03ed94b9,0
0x4d2b70c80d37c543fcdacba7bfcb3a8d52c89e54,1
0x4d6f90d12656b411a70102ff82f17e895f7092ec,1
0x4db591c4ad375f1889dea32cd824cbd964f95814,0
0x4dbfe74c399da7a77a9d94dab5509310d8ce9e28,0
0x4dc43ff45d77a5b3a7d436ea701d50eac326482b,0
0x4deacb315fc16b746aa3c5f42363a0bff694c42f,0
0x4dfae204a53e4d10e842a7eb2e7ad4931c3abe5b,1
0x4e0e51a4c8042b3b000000469de4cecf5394e0d3,0
0x4e0fb94480f579f136832ee9542d67d92bfe8dd1,1
0x4e23083472c794894cdd1444d7c23f85ef78c1bf,0
0x4e3ca608f17ec15236a0ce6dff03175f89c2bdcf,0
0x4e9e95476244c166d81cf4df3037dbf54684c4c5,0
0x4ed51224672aad35d50f2ee49b0fdc9958618d38,0
0x4ee42640cf2a728f4c0412fc42e222d947de4d95,0
0x4f0eeb8d7797bd005fdf88fcc85b47aacc59cf36,0
0x4f3c86e0bf79792c318016857b08ba9837e4ec23,0
0x4f4546005011da54c43e33a4dd30ba43d9540351,0
0x4f8fc8031e35ea47bea0ff7466f5fc702fa84a63,1
0x4f9b855c97383b7a400000048fc536a54669685a,0
0x4fa75ea1571010b0b6327fc39101be4baec37cce,1
0x4ff121403ea882a83454819f389e1bdb0bf2e6a8,0
0x5004b9ed59565363b6ebef1afb3cbb9b382e97b6,0
0x500af6e7c53dfd8e083e7e8c07f3898411face2a,0
0x501341f595ae91041a39400cbfde29fb6b744f52,0
0x5020c6eb0fe5321071942847b56349a68c7342dd,0
0x50692c3d23b91560f9777a41599c57e40074bd42,0
0x50dcb3f5766527319ca2f3be8dae5fd24b72c807,1
0x50fc9731dace42caa45d166bff404bbb7464bf21,1
0x510b2d8e30e8c79247c51e04d5be8bf7262f9938,0
0x5122c3b4de32d93efae914382c08d02fb8348353,0
0x514c4ba193c698100ddc998f17f24bdf59c7b6fb,0
0x514e494c86f9249cfdc0e072f71f71a97cf33e65,0
0x51523b0d2da820f204bb5b2c08a17992179619c3,0
0x51cd245699780ad2be18fdf254d6c519adf971a6,0
0x51e49ce1f4ace38ac815cfe2cef14397cd9932fb,0
0x51f4053de1f9e71ad220d16d9eaab947ccbf8546,0
0x520c602cb82538e9eb71d0310449f3e2eafa9d18,1
0x522d2ad6c225c706af06b4d2b5971818ce85a771,0
0x5233af283e7c359a1011dc0ff480298e90c8cfd6,0
0x5242df062c22194396e28b44f05012f2c22f731b,0
0x526d8649197c5f55a7360b2d0236574fc5eb4c11,0
0x52a78fb165bd57ed837fca74380da18aed7b8fc4,0
0x52d1bd5ce865da99ac53ad0605a13ccca59e2923,0
0x53f2736fae551c998d4e72e519f1acf474264de4,0
0x5411fbba3ce8ec41225f3412720551b1f5ef26e6,0
0x54426307974b659b48e70b1faa44f17aa0e3c4cf,0
0x54c1067aedb9313e699015a9dccd7c1961c93c31,0
0x54e324219979c0d1e9a895122edaaaa3c02cb6b4,1
0x54e4e2f96de9591d67fe3bba440b540cecf21ba1,0
0x5522b2d20bd2d3e9f42ed50d618ace4c9f498e57,0
0x553608af743606683ae841ba1c517006fda90112,1
0x5592822b590ff50cfcb1fb441b479feecee672bd,0
0x55a23dc71c32afe679a8bc8fb626b631e7cd6b13,1
0x55b31c51615151954cd79f0e8202bead58d6014d,0
0x55b4f0c19811797182498b92973e7d80e1731cce,0
0x55d564bdad517cc4721ba7ab7612c97d888d4b7a,1
0x55ea3e38fa0aa495b205fe45641a44ccc1c3df26,0
0x5655c20f770d3afa948466971922f43d8c07cdaa,0
0x569d327288d8354f16813afb01bba0e60c1301f9,1
0x56e53fa77c95a85e43e85c352028a3a7d6b24c29,0
0x5781f4368d7b0c7683afb5f3a8a79894c2bd5d0f,0
0x5785fd6a2c4e11a6f3cce7dad5700ca9db63bbdb,1
0x5792158f2736f261b1e99fa5b791fc4c36a84619,0
0x5798409cd02a3cf40c5f7ce4cfd259dcb8cab42f,1
0x57df4d1694567f9426e71d3bc0ece8199314251a,0
0x57e19f6383c0014ca303ea5b832d8d3f3e285f60,0
0x5825f42a0db4b0fd91b63b9311884a68a07ec740,0
0x5842b2e75d3566bd0d3f9f520e71c1f3b30b99a1,0
0x584db32e4849dce93d21d6ccc143a8c86523868b,0
0x5884b2faa9ad6f38010831e2290e515af17a7d47,1
0x58d92a292546f8b5a421ee1a917bae0aacf2410a,0
0x5929d94eb4c41d91955154465a58a531ad4cf7b8,0
0x5940f74a634df750c2525024e6bab548e97010ac,0
0x596b99354e93ab260f9cb2a12f9871183dfeecc4,0
0x59e608e4842162480591032f3c8b0ae55c98d104,0
0x5a210aa8ce06570a7a97646368343c1fa7484b72,1
0x5a407865411253e5a991d3e49e8bc7a1fdbe82b0,0
0x5acf4e865604ab620fb84acc047b990f2d2856fd,1
0x5ae028a6478ca2d3b881c51440674ff9af21341f,0
0x5ae529c2a73b48f1b38d692910a0ea5aa715dbc2,0
0x5afec0de001999766fb883860cae06f5932e6f32,1
0x5b11f988f1b78d991a328fc60dce76f726ddf5e9,0
0x5b472b3fae41beecc76b8c0d095e9bd5c08c107f,0
0x5b5871bfae9e0fa8ca8a6dddf844e5b09c2e0819,1
0x5b7bcd2a84465151d0f0509e4a4d134cd78a1db8,1
0x5b9effdcbd65946f2b143725dc244563248aa4ee,0
0x5ba82fdf1423eedaa31ef63770e8e181ac6b0d0e,0
0x5baac7ccda079839c9524b90df81720834fc039f,1
0x5bd42f95866a02d62c07b696a56f7e315b64caf3,0
0x5c0642fe68fc72cf03f676b28faf5cf97cc0b265,0
0x5c11934965596de1d98ee47a3d93f556f9fdb74c,0
0x5c1c6e5b32017e693913f71e628e1dc58dc85728,0
0x5c3f126c107ee8c914e6a5b3d21f40d4f83937f4,0
0x5cb7c577300277f6ddc4e686a12823a1de6d26fa,1
0x5cc5096e2fa50ae3f1d4e14ab99d921c167ba5b8,0
0x5d0e457df85d9f1042c4b884e3d6ca9e89494e3b,1
0x5d2d49c7371eac3a89ca780ffe4ff32d311d9761,1
0x5d3a5c30dd9f7b8913ebe388bdc66e895ce7c75e,0
0x5d7166ee0c633021cb502fa5302866316d86f701,0
0x5dd0eb7b28da436ed9439d9286472988c4c0ee83,1
0x5de1b7f14de50ed6e430ea144eed8bc9d0bbb30c,1
0x5dff63967426a7fb5b5781f9894c5be5c9232aca,0
0x5e00b30f8a0d527c9b3e3f0e0cba3f13a64ebbc2,0
0x5e2a3daaf86cede3392f77616cede2de0d3bd3a0,1
0x5e395c998487d6447ab8242ed93abe89ec7d2a49,0
0x5e3d1448a0365c3b1cd08908d410bfccca449c45,1
0x5e3f8b624c335b653d89f12ed2d91a4d600344f0,0
0x5e87f1445b1355b21c26852a8560eab034584732,0
0x5e8b11492066bb133cba52782a23f160adb04fbf,1
0x5eb81de97e7c97dde69250e9a5c57331f0d189ed,1
0x5ec4eba528c8eb8477ae9ec625555f412a710c9f,1
0x5ec6abff9bb4c673f63d077a962a29945f744857,1
0x5edb9f5acdf87a05a166449342782a3638717f6f,0
0x5ef71bfb63749e71ead00ba8ae8b385281489def,0
0x5f1f42215950247886c3f3727e4c184847317132,0
0x5f31d1815e32b731439733a7ddb61fe0fa95ed05,0
0x5f32351f668c04ae371dee96478eb567e64d0b7e,0
0x5f535460ad2b6f751883f67b71e756eb77883e1b,0
0x5f56296584f811a5b08f7a1491167dd1dd501398,0
0x5f6fd9d880be6e209d5ee7a5517dfb40b8a9d81b,1
0x5fbbcbf0af8bd0f04315e7d890ac9ccef24c85c5,0
0x6018336d49d78d3e7178e3703a68466d1d6e1d8b,1
0x6032c03344bcd5b01dd3a5e74c9d7f6be991b818,0
0x60668d7c651f1581ba47d703d3ce2d945fd416bf,0
0x606bfb2891945f50afee1549d44fff5205d92f27,0
0x6077a212c08b711d856263081efcc994b396f7a1,1
0x60a81b1e437da70ae0cc015b353e22638d3b56f1,1
0x60b6ff396eae7d519318ef04f4c728fc71a7d615,0
0x6109a69cf39cdad03f951f006b92a2d788201f60,0
0x614d98a57a5d879d717152de0690ed2b04562ade,1
0x619f70fd6d5b004d8b4336e580ff87e3345facfd,0
0x61b4955644ba6756b966b195d6317f623d7e43bb,1
0x61d2799799afc6a29fd9e7139912e3582349e235,0
0x621101f4ed4aa4af48c5baf13638a41c7e546020,0
0x62357aecc562a9b3c1eca6dec915963ca736d077,0
0x6276ac03090f2bb8be680178343ac368f713b4e8,1
0x62a99498ca1dcc2cd8341e95a113601b9b003d42,1
0x62dfa6eba6a34e55c454894dd9b3e688f88cb09b,0
0x634df2dc7b47999e23ca84acf76a5e861b91f60a,0
0x634f07a674f75a0973b5d7f6bc3809cde8367cb8,0
0x63788cadf3e43535643cb97a456882e4ebd99d5d,1
0x639aa04667e949311000ad840a3571608b37d393,0
0x639b2d751e6436667b97fe350c0fed111fc33fb4,0
0x64093c9ed791d32adb7fad1a8bf877b7a5f0d0c8,0
0x6420f78e05d529971735276a12616ca9df72db2b,0
0x644537d7b2e1fadce23052d1c156e8cae081f097,0
0x64b870e5e1fecd557d4c2cd7896ee7f5a668e5b0,1
0x64c8ce646e0ec31ef0e4d0801ef2e9731a606684,0
0x6532fecd7f475119eb2548294a9371728fa447a9,0
0x65962beda8d54020e808546c30a62087861fc652,0
0x65fb9db5fc926eb22ac5ae86e74242e0df44718c,1
0x6609175d657438543d24db48159e88c5d7f84005,0
0x66231d9c72ad8c58c0266966fd14e2ce6627a5bd,0
0x66362b929c1a9aaf14c51aab9b455ad7fb8268c4,0
0x66548676e747771e19fd6672bc80a12b6f5b17ca,0
0x66667ea2891bfb7791409b0e19057a2f6237788c,0
0x6675be06f297ebebb0b45d211f6702ae8e5ba334,0
0x6691d4ef284f539647fdc5d9d97354ac25968e7d,0
0x66ad782fcc32216e677f4f7fe8687d97ff0228ef,0
0x66c4f101d61f784eccec1b5aa48cbac4e1512e0c,0
0x66e2a637cc99dd0bfe1922a77cf747de727836b0,1
0x676042f820865412ae69d593f845f22f95bc0305,0
0x67a66c5460833c153959963b0ccca8dacd754a76,0
0x680d0b3e9bcc817749732860b2f88bbd3a592e7b,0
0x6863d194c9c4e968bf544f361d089d186e7f4b69,0
0x68a57f6449eea51836136568bc08f170b7d8e100,0
0x68cc21f7c777243d1a9c71c2349bfdccd8ca7b78,1
0x691bcbca9c0925ddc10bfda734a01888c5b5461c,0
0x69873461b8f29f3a3d35449e2173040e0aa1571d,0
0x6998584be49162cb1a718a3bf954dccb24028ff9,1
0x69b381f5b039827b636470721f0b0d30d81892ed,0
0x69c6a804438ad1f13987edc896f970646fd799a8,0
0x69e14733724b40258d9abbd4d06c8f1214ad86c5,0
0x6a1b3cb57a6bb61fdcf3e8b9f88465a378fd5c39,0
0x6ade2d4d0a7665aa805e29707e349c2b724ad3c7,0
0x6ae3cb35f1ed950b237a6ec1081b2140822bd19e,0
0x6af235d2bbe050e6291615b71ca5829658810142,1
0x6b270f0ba52908399170b0d4bddc8a5da9da8c93,1
0x6b44fb3b080c233c6cb0b2d70f4b5694fd528572,0
0x6b9208ad63b1334d73b17590fbd5f56f140ae9da,0
0x6b94aaa85e383f621178c5e3dde2ad74d02b3720,0
0x6b951e456ff991a41d06487b0cd2452ad940be26,0
0x6bd4b8478aaef8b54a5c7c698ba6506e0901db2d,0
0x6be91cbc96071e3f1cb79b50def8d59a016fa1c6,0
0x6c441a03b149f4cd73eaec31f10a0f3c952f0df2,0
0x6c6a23cd58e6fba42898c6d2974ff8addd5d09b3,0
0x6c6f0b96227ed73cb9ace5c39d35ef29c57efda9,0
0x6c755b09dda372eeb8bd6f36a75b171267a3c6ce,1
0x6cce05b9b1f7e2b5990556b9faebd742adc16d11,0
0x6d0d7547cd6dd38503beef76544c3130e7d04409,0
0x6d3be3f86fb1139d0c9668bd552f05fcb643e6e6,0
0x6d3cf81dd10cb88e27d4c2bd5cd81433017a269e,1
0x6d42aab8b4efd1ad0c5454a040b59ae3c99440b5,1
0x6d478cb16317680a517ff89253f82032efdc31ba,0
0x6d7ac63aaa7ba8925dcb3e44be6355261dcf688f,0
0x6d8003b5479e3cc8d0bbb7496679588f254d0878,1
0x6da6b8f5c219beebf77a2b38ddb18b271f0d7a83,1
0x6de947892f7726c0e241110be285e05b3b9d71cb,0
0x6e1227282d945b98e6e6e6c2c0fcfa33bbe22cad,1
0x6ed3c871ac6aae698a9d6e547a5f54873b091e18,0
0x6efc48b8b6222924fa6ea95d174af5518b761177,0
0x6f0cf57947597763c337ae91fa2e3f5dc855e489,0
0x6f5884a6ba14297eab47aa52c4e739f0a11ff7c1,0
0x6fb8988700b2afeed0395676487cb5c37697463c,0
0x6fb9ea028eecddc6f4845194ab844131a71279fe,1
0x6fedfdb4249cd5dca3030fd09e0e1368f23cb4f8,1
0x70372966e0526f3a5011fff6082a482f05b500b0,0
0x70effd32bb40b8e50dc1a95fe1e1e5d554d42300,0
0x7108b3621507d6c6cbcc52d4caa905dc7b6b2fb8,0
0x712401bd11a379346a2cea2d430c88f02ee7bc60,1
0x71413ddc8328daad94808064aca7d84188ac32c1,0
0x7165e9dbf803339d285975a28d58181d9fe78775,0
0x716dcfbacd8008787b1dbea38a967f604a152095,0
0x717c4624365beb1aea1b1486d87372d488794a21,0
0x722370435dae49714c44a849158a0b4385e7648f,1
0x7225d8708b78772f7ccadc6df264c42b2b96c35a,1
0x731461b70ad0f00422e0f2b2cf7daa3640bc61c4,1
0x732fe63200dd4a5eba02ffa11f150a4c81b01e84,0
0x733c33339684f38c8aada0434751611e168255c4,1
0x73455e5fc7e4cbfde65a72ff17f76393dc6a2cbb,0
0x73c8f95073e312e9ff75a7055a6294f88723c217,1
0x73e47e110dd251bd6449381724f2bb51c11b14bc,0
0x73f95be4966d7031d163b11827723ee765a336a8,1
0x743d7b30661d65b41960bf6b5d1bb93cf7972a73,0
0x7470a213536b7fb86a84e31c148ef11a1dd3ca52,1
0x747a55ee282990edc3f756093e01b0953c7b5166,0
0x74865ca9afbb2d38995cc7f6697e25c38038c44f,1
0x74a0121dc0ab16d697b79b59cedeffc626d5e28f,1
0x74a90fbbb854edd35f8e2f9a75e680d422bae95b,0
0x74d02d1febbe6dfdcc318d386b3473bedbed6fbf,1
0x750e9a7b449904f47b793b805db469fa6e025e33,0
0x7576b7a1d278e3004dd37bbeb90e0b08ca70a1b9,0
0x7594f15d27b58c04b82c3891e6f5f4488b2006e0,1
0x75c108df63381e5b2fae62d610d79a8915911aa8,0
0x75ec4d0e5d8ffd775576326977416b8bc33d0b97,0
0x75f8405daa5a2b171cada25f8e60c4e8dff1bb35,0
0x75ffd5ec6d97d814f2155466b15f0dee42b8f0f7,0
0x7625c511155c9e79de823cf5106f74c05907eb08,0
0x762e40ae8eea193e372e594882682f4ef1eaccd6,0
0x7669ea2a0c0edbcdd505246a991c3afdbbdfface,0
0x76be51aa94fb1c9632107349aab0488d878e4395,0
0x76db9edf1451933711fc0a0c622e013ebd229eab,0
0x76dfa069f33bbdf111e5b83a360c751cdf06cda1,0
0x76feb748794e3545d4a10c7fc6afd3e5b48bbcb8,0
0x7739f8020626306c6581ef4e43e656469497b398,0
0x774bb9306df1cd921eb842b1388c78f75e6ef79f,0
0x775a4f4df38ee39300fd379de9ccde80d0e5e248,1
0x777363ef29d1168006310e3fc9383dcd9e7f06f9,0
0x777d0dcc4615ccfe3e575c20219fdf0bbe8251c7,1
0x77a96d68616aacb0d784ab22837334870f237e43,0
0x77abaa2f1aed120e12de05f24be5a30243f645c5,0
0x7822159ee394d14745cde63a706f965fb73c7ac8,0
0x7877b5edcdb58633b2ad9ccc0ca0e86b19ffaf9c,0
0x78c0f32794558946d69544efd9a473dbda82fa7f,0
0x79071d243055e6d3bf9dbea842dda69905fa636f,0
0x790e7bf5ab1df0285b4cbdfa35766d4e670d4c97,0
0x7933cd3b02de77b043ff0f39af4d5cd2b2c0fd9c,0
0x793491fe4a7b25eee0065e484a52c7a0dfd8c0d9,1
0x7944e84d18803f926743fa56fb7a9bb9ba5f5f24,1
0x79720266dec914247424aeb0f06b8fa5b3ec073e,1
0x7a108a2c548ee1a1d1c1a349f891b3f4073ba3e9,0
0x7a16ff8270133f063aab6c9977183d9e72835428,1
0x7a4727f2f542d2e87208578da96aa3852649d515,0
0x7aa61e5fdef15599d2e8cba9b8900d2152e3d3e9,1
0x7ac0db5dfa7d1dc7d1901b9ad50e8bb1813b140e,0
0x7ac78c65336bc060011b9206a2a4efcfd9b0216f,1
0x7b19e77ee054394ff85e224d0df9ff6054ec14b9,0
0x7b26efb006249371b88bbba20ddbb47e51d76645,0
0x7bb10f234d7872fc52998592e2eebb246ec17430,0
0x7bc1a67dca76b20b826dbc9cb9fb1ceb9f7a6280,0
0x7bd7cae2d2ac926fda8fe0a7ed98e852e2b48730,1
0x7bdc2f3352429c8a9aa518dfcde3813bda522f68,1
0x7be02861c3a8d53d88ce37ee34ea162b8eee569a,1
0x7bee8d37fba61a6251a08b957d502c56e2a50fab,1
0x7c0f8a684c42ac83ce65a59e89ef5a295932c922,1
0x7c1f9a991846292d13d766ce940cc0d5dbbd343c,0
0x7c5bff2adb31822986e979a7c12cc6ebd480805c,0
0x7c9665c5acd51402f2f2d4034a5489df72658ed7,0
0x7cfb71f072563d77cb068ce142c86d93b2d24a96,0
0x7d3ecda2850c5709b7bfbdbc2a1579dbb8981d5d,0
0x7d6b53091d88be39394b3f97b1103b097be892cb,0
0x7e43d3a147f66a953979e4272f0368dac3a5c826,1
0x7f07475f3d53aa1d0ac74ac811b311dfb41da637,0
0x7f2e54d53258dc45b8581f11f924075146608d19,0
0x7f3e05ba4d7e59b6c56e5116c4facc0d88493696,1
0x7f4d98f52bd872bc212a409687ed6f9c687666ae,0
0x7f63e88c8a1c65d1a25ac02c8d37645b96f691b2,0
0x7f6e57d7850c25ac323725de7f98f2a9e68ff9fb,1
0x7f758ed8ebeeaaf45273cfa8f44853377f704977,0
0x7f7de41545212ea0fb0a1b1f4cdd9381ca77152c,0
0x7f7e2f02d7125f9ad99d1dcedb99d01e1f29d9cd,1
0x7f9a93fcd71e6ce1fee660b7c220721d502297d1,0
0x7fb4620dfff2178a50dd611a7e7cd8f661806b50,0
0x7fe4b2632f5ae6d930677d662af26bc0a06672b3,0
0x7ff41ecd5db04431753d46e1b0873b9be2c97b5a,1
0x7ffb3268100db605cb0d05f7a3898f802434fe16,0
0x80106e5297a148bc05d25a6fea8c76e4b7bdcdae,1
0x80435a9a8349e2e2fc130b51b500dce2ac4d9305,0
0x804abde86c3ecc4eb738c452a4cf129e151c3014,0
0x80a8cb4d41b3809767f8cad2c0958ef726b085bc,0
0x81126dd2516ed55c8adb0775cf4511da868d3eee,0
0x813f98977a00ca98b453e3d963294bef326c40dd,0
0x815507621ca9835c2317cb2030f237adfa2b5655,0
0x81ca1f172891be4573f88745eac074f7fea90d42,0
0x81db6de760d74b11887d49bb64e837cdaecf2e67,0
0x81ec2081dfb42c5291c55e6123d527eb744a5ffb,0
0x81fd0a1d13059e473c1e02d73705124315e14cba,1
0x825f23921dcff36944d8b0b0ca23ac7d05fb86cb,1
0x828a17f453918a069955f85e97d801d36ad8b8e7,1
0x82976786c93ec2e539fc03056d9a65b08e9a6d9f,0
0x82da8233b45b02c154d9ce3c46e99eec18e25a4f,1
0x8313707b123165a4f99376b147bade32d6005df9,0
0x8316174a0f13c9aae7f2409a19ebd8ec8c69aaf4,1
0x832bc12fd9889cd08f30e091f94af4688061865a,1
0x837be6f62ff47288f6a7517a349c5cae2578c521,1
0x83c62543ea0b3541438e7c2ac54eef47ea8ed997,0
0x83d3d5c1e551a0a5c8a10e7f44cee2e54cd345ea,0
0x84285b82f4f995a0cb67e324265f76959029e5d3,0
0x84378aaeaffe1557d520f5347613715acea4a729,0
0x84483314d2ad44aa96839f048193ce9750aa66b0,0
0x84abd78727950aa776f7939102f51df6b166ab84,0
0x84d3e3734d03728f75c6701f8c305d6cb939039b,1
0x84e03f3b74b10c70db109cae6523c09a01552186,0
0x857ab110153ad57240ab920e93bfb549c045af55,0
0x857cd16a827db79369ff9920e94e22fb916d2d3d,0
0x85dde62b0d82d8ac6b3117b0242d29d9663fa537,1
0x85dfdffda34828eb68176c237fb1f6bbc0ce990a,0
0x8614132666282ba3ff99e825e436306bf1b46cf3,0
0x864de5bbaf4b8c808e94a8385b95b0855d170137,0
0x866175649d6e17eb337ab305443196ca86bad6a3,0
0x8691d59b2287f7854f11b6f8d61c25bba215c316,0
0x86c62da1516df2590a21bd6293b291a7173a7285,0
0x86c80d06f3c1638c2c87a1041005786c0129bfc2,0
0x86d72fe435aefe6202ac06899204e5edda45e2f3,1
0x8709ac3ceaae2a7a70c1d8e39df9804def7cac54,0
0x870b81cebf36c6ee34f98f04ae6f8ed92dcf5153,1
0x872837e964d00e1e11b575e5b338f2499b7046c0,1
0x8729cfb2a83108073d3b39f63f306399da61127b,0
0x8778f133d11e81a05f5210b317fb56115b95c7bc,0
0x87bc63ed17be045a35a7e4a8ad53bc95a8981b9a,0
0x87cabd4bd710775d0619878440ae76f0be9cc10c,0
0x880c7aeb3f8baf71003b779c55a93cc183edd2ad,0
0x884264271dd11cc6908891eae24b62a87b08da07,0
0x888a8dfe6f066551a89062090ae734db54ef4188,1
0x88937dc65fea35ba86feea853a4a95b59f44ecfb,0
0x8967aca6dcb7fd4acaf3899bc85a98e8a54ba787,1
0x89cd4c4be4e5bff559517e25ac05d6c9ad01d89c,1
0x89e0ac18e6ea8a36a7642ccf75783ee86d5c179b,1
0x89fc4e65ceee63f4d32c8820ce095d02e977956a,0
0x8ad72620a1e6c40ec51115953245849382a706db,0
0x8adf7473c5b8ec9679e251d904959b0d8a32e869,0
0x8b0cd3c82318f06f3a86e7155f6bc223638dc51f,1
0x8b3566db31758b86869d327361bbd1e1ac85756f,0
0x8bbe5d78be45931cf4815d8a00bf38c3ddd36782,1
0x8be46b25d59616e594f0a9e20147fb14c1b989d9,1
0x8beed8a596ad2983630f38828210fc12fcbd1e59,0
0x8c2aeccef3b3634d039c96993577f80d3278fee8,0
0x8c35b0b65fc680dac8719b79d01b4c46590d4d8b,0
0x8c410057a8933d579926deccd043921a974a24ee,1
0x8c463874382b7f8582ed01650f8b30a82690612f,1
0x8c5cb83b823448e2369b54acb30f31203bef37a7,0
0x8ce17ff2c7376e9adfe9c63c47a801097fa6c525,0
0x8ce57b3f3cad1917172b040b10b090f2ccc0ffee,1
0x8d0521c7748e47369794cd346fb61ad31b0a2b03,1
0x8d093081c52c78efb6c382d4e742b8964c38360c,0
0x8d70139c626e1813308970964cb349d88a28c310,1
0x8d8b3010808e0864ec3392b5fdcc192497787f8b,0
0x8db903c0753dde0e7dfffa8310357a741b3ebeef,0
0x8dc3f8e1449e56929aa7a721c9082ce4a9771f47,0
0x8e8a34b441369cab235ed73cb6f47f65e518095c,0
0x8e90675e889fcf027d47b04d859aa537f7052626,1
0x8eb0c55e0c1536182db91f699fc85c923283fd0e,0
0x8ec5fb1daad8041d419be7695bc47e26067c3778,1
0x8ee41d71221dc62fdc340833bd4c406ceea6a7bf,0
0x8f261252549727859f2bc188de3c3da365723696,0
0x8f4dd47f9cff6b2af1ef0be7ad2263e5784b64d7,0
0x8f70a86c1309d8b1f5befc58948e7386fd495875,1
0x8f7e9fc9801f05835628df770f77425110894f7b,0
0x8f8888e07d5bf2c5f4f7c14ecef37cd6d49d4581,1
0x901ecaaa2cfe196fd40dad18f00bbd78849fe794,0
0x902d19c1ccbb096214ce7caa7dd0052e4aeb307c,0
0x90569d8a1cf801709577b24da526118f0c83fc75,0
0x90a47db3eac494565d2b911822fff1c88c1c1665,1
0x90b1c35ac4ccf24a7596c8f80da0078f46be195b,1
0x91085bb41b042e6d44095f6e8fe36984536add81,0
0x910cb5a80c20d00345a2b00de6117e837cde584b,1
0x912484cd198fe3bfdc615a434c932e8c1466930e,0
0x914906d5465deac8916a226ccea3bcfa6a67a356,0
0x914ac13404d8d0f6550e4df79ca4b7eb3ccf848e,0
0x9169cd38af0bd9fba0a18a96b4294a6165e048cb,0
0x91da9606900ec3c9054f620d6b102a1c07599e04,0
0x91f668f9a077623b174fd82dbec4f8f16a3b7265,1
0x920eefbcf1f5756109952e6ff6da1cab950c64d7,1
0x922b2b25059355fcea3bece46636e7bb234fed36,1
0x9235488863c50096c46c2c988b867e3634d33c8c,0
0x92a9db347130e0495bcb8b948dbe66f553592110,0
0x92d012607d869c3b4937399b8c499b81145bd7ee,0
0x92fa50c7e9b593328862a90aba854cc23d584ba1,0
0x9307514e06a07b149471ccfd690d0e3e6ace8df2,1
0x9323cd04aaf6c8955fc387bcd1df73804fcfcea2,0
0x932d91682423357b435172e50d9ea2dca614217f,1
0x93715ac02e3e7adcc95fdbbfed645965969782e4,0
0x93758b14557b7abb2e9f60965c67a004d4842e25,0
0x93bc69f4f8b90097755b7a3c68c5b94db456c586,0
0x93d2f4f3a0445aa808c99cbd6ba05236a895379f,0
0x93e22ecd5b8a4da8c0e97d7158c060612e7115a3,1
0x93fa347d90ac1979d5935b1f81c8554c189ed0d1,0
0x93fe98a915580dfa9ad763804e6b0d7940409be9,1
0x941d27c21cdd0b595d2a66639af106c27e5ce610,0
0x9478e6fd43a3c81db865260f7de14cf0bbd77d78,0
0x947ebecd725e07bac225363f328de957aa5819b3,0
0x94b906928e0d3cf726d7706a72697c266bc726ed,0
0x94bf3e48c611c81a28eac84537d247b40c3eb1b7,1
0x94d3d916ebe0e34f4ccb2bbc68b893eda2850114,1
0x94da8159b485dd0f8bdbf6821b707eb4ad362055,0
0x950b638419b44bbf3b87c55d5242361402389087,0
0x9528e8c42f7e109baded964e2d927fd5b6ca71e9,1
0x955c68d88b623a26e14898eb798dee46004d9700,0
0x95719729e13b093f546544b1e7028639829ef357,0
0x95c2ec97903c993efbe4630f1535282a12fead98,0
0x95e3edb49ee3db8198e11c4447deb2ca42273f71,0
0x97105cf9fe2a44295c000f2f6e1ca9ce1a3036af,0
0x9712c160925403a9458bfc6bbd7d8a1e694c984a,0
0x971ac48e6f904406edbc22687ed92bc8966fe551,1
0x972af75c311a6cf110d55edce3e5a91ffd43d194,0
0x9784c0df5f735db69aa223f91991124b9bceecfe,0
0x979ddbf4ef2240b316c73c5b7cdab0a453b101aa,0
0x97b2bb85d797add22dabda43eda8570091ed4b03,1
0x97e5d7ade95dd0974e463502a9065e9639bc3cfa,0
0x981cf0cf76a02080b1fa7d12be67d30556fbf58d,0
0x984292bfd4efa8104de2c568f4a9842f2d887290,0
0x986cfc0dd6e67eb44bcc8d2e4769ff7dcaff24c6,0
0x9890ef41c8780b569b09e64dc4415cc01f58bfe3,0
0x9891c8499cadc493d658559f6768a911d3fea22a,0
0x989536719a72cfd50348ccd5521256c7eb41a999,0
0x98c3c0d704a99f7739c466c9d85d186d0d494945,0
0x98ed52ae6eb907d5f62e4a9eb85f27cf5171fd4b,0
0x99126c8be2bc4219c483d456aa11b5e741a44c5f,0
0x992ef37a28ed1e64ac93b920ef233b1a2de50a57,0
0x993411683b95282c9e3f60d6373da563995a99ca,0
0x995a09ed0b24ee13fbfcfbe60cad2fb6281b479f,1
0x9996623cb9ede69562537a08d08d606d8d098b9b,0
0x99967871e6c4f9a5185abc57edede9e9540191f6,0
0x99dc6de6cbb8733c08beb9b69b5034a8d64efb55,0
0x9a25d79ab755718e0b12bd3c927a010a543c2b31,0
0x9a4b736749bdeb4b481fa57198ba4caeb3b07723,0
0x9a4ca42bf43333406c9e3fe352afd684bd93f7ce,0
0x9af2209fe8b849f8d61df3a0471a3c12cbf8e0a4,1
0x9b014d6893011ca3b049daa59b70554d8aa098f3,1
0x9b281310c4fc462b17aabb7713bc165fccf87307,0
0x9b5f4dd94fdd4e1ef23ea80432637cf45ec3f57a,0
0x9b93f30fc557893e2c74602076e215e0724ce147,0
0x9c02d77b4bf0cb29030ad6bc718f52b7da6bc1cb,0
0x9c16bc8f1104e4d2f72267eb981fa12de7cc4a6f,0
0x9c3e47296ae9c6f6f6254115a989971d82f915fe,0
0x9c4ebb54625b1e93e987e287fa832bd2e0a854b7,0
0x9cb0f7c3a3c3a52395f79c9fd47fcf3a8c48c797,0
0x9cc0bbf1de82a99a2d5676d77b5cd7745ed4e63b,0
0x9cca1fbb83493dc94f5b64d9f933e6491fbfd98e,0
0x9d3afc34f1d279c84248d49a0ad6c312b9369a48,0
0x9d8320c0d6f0130434fb945072d6fff879576697,0
0x9e168b4966c566bd866f6fce94d67c54e00d1fad,1
0x9ea3f8db46ef491fe8d4163f6339352fdf1f1b52,0
0x9ea612b1f4165a185da4e76f58bb8e1d6dc91802,0
0x9ec86bd1428a86e2b90199679e42ba93af2d2d46,1
0x9f0f7cb503f3f401e8b4f26e978929f343c0f2a7,1
0x9f127b66b1620d97de98746c27e245612e40285c,0
0x9f99805d2435a972ebbe0e2f7b55d04bbfe61913,0
0x9fa104fb1f8943ec2de16633e1afc3fc92c0d5b5,0
0x9fd144f87168c0c0432bcfea814485b57b277f55,0
0xa05e21550eb86462388783047da318d2de20bbda,0
0xa095dd07df204694485fd81dd9f7ac80ffefc8f1,0
0xa0b1c5f88d9a1acdd4f7ff869e947bfd54c07c61,1
0xa0f2e2f7b3ab58e3e52b74f08d94ae52778d46df,1
0xa100e86aeb81fefac06b0bcd7799e9a1b7e87b40,0
0xa12f7f9b9c3ffeaa41d4c4e6925f9a3f2f62aac8,1
0xa130772609c7fa01b59bfd75ab56660c1a6ae14a,1
0xa179ccf27071d73b98b22879a7d9636093119f92,0
0xa208bc6f328401efa313ccce9b288b7048028ae9,0
0xa2781a3551198de54c42463b77a6719c7804beac,0
0xa280ace6c01d8df69f612b76bab71ab3e1d0f6b1,0
0xa2927844dc549ca7446e5ed3e007751716fcd3ee,0
0xa2c6b43c115b65970f24515f73260d9147e52fb2,0
0xa2d2e00c96b09a350a561dde4cb99e13df152caf,0
0xa31c6f1a9451984cd3b73617e6484093f2742a67,0
0xa31da00017f0f1c5d057a321027a0c57c1637c4d,0
0xa323f6472876f22d78dd5ae347fc460dc3e6d1a2,1
0xa37d8ca496fb56f5bd6051aa019237bbf8e520f9,0
0xa47be2bd9e8a69bba338a9a490550b9da8159699,0
0xa49beb93fdf20bc38c61d516804d87f2632fd41d,0
0xa4a1ae640df6625d28aa87740a32bff7e15437e1,0
0xa4a78ee938e2bd9f6d899d0cf29322f025558e45,0
0xa4c658c295a1d324fea1b05ac7f066525dbfc785,0
0xa509cae29c94cf76a4698859d4c6b862b920ea96,1
0xa53a13a80d72a855481de5211e7654fabdfe3526,1
0xa561794cfcb6f83415ee809804c335c6b6e10181,0
0xa568bd1f7038bdea2fca05881168eef8fd4ffa33,1
0xa57e55ec968aaf937c4df7179cc884381b684c28,1
0xa58627a29bb59743ce1d781b1072c59bb1dda86d,1
0xa594a83eccfe5fc56e5e2400bf9abbdd7781a2d9,1
0xa59ec0ae0aeb1fd6cfcc93569e0acae63ef2d8ba,0
0xa5e2319c48d3e1814d7c6048ef383a45b1591f3e,0
0xa6218584e4e45edc5991c6c59475e829ccad87c3,1
0xa627c6b758f31823f7078171104d42e9865eea5d,0
0xa6411d9a0112bcdde76b43cbc89f6809a1b4a59e,1
0xa64c3889eb7bb32f2b37fccd055752539b9856e6,0
0xa6731d5720d411ecdbc5504a071a21934f660075,0
0xa6ae57b1da8238cd149bc718c40578e4620b752c,1
0xa7393d2f073eadd425b254a60e72c464e8fa4c20,0
0xa765a629f11f538f6d67e3fdf799baed1506017d,0
0xa7842153fde380a864726d0e91f14f6ffab7d46c,0
0xa7938a22fee8e98e19e930df45cb588a178efb9c,0
0xa79da3acb9b293b60e52a8f2141eb7d2d5b9ec6d,0
0xa7c2b68fe04cd448bccd582063deeb2dce70143b,0
0xa7f7bf3889c05a70dbb18e2687a85b4ea1135c54,0
0xa85b93983767729fcceac60e32a0bf87cd632108,1
0xa883710b6dbf008a1cc25722c54583e35884a209,1
0xa8a29bc8816e19d2b41cdaae48bd602180b0ff3e,1
0xa8b649ac5ce0f6069a6532152c8575af7a0f2180,0
0xa8c18057c5aaaaff6000d28a057a6994b2e09bfb,1
0xa8c765b170ce7fb2e7d45a1aa5fee3cf2b07d037,0
0xa913b7666d2b554c6bacd3c4f4875dade813baba,1
0xa955bf4ee5cf97a740a1715a46aef93671096db8,0
0xa9631864e69a1132c82ef5beeecd4cac7ff3f748,0
0xa99f34e1f1999842bea25542b7a156bd8fe21dd1,0
0xa9ed0db00e5c29e7e18a55db159ea33fb5fea60a,1
0xa9f6f345122b7fbfa08795b6579f0f803d1db8f6,1
0xa9f8db9d7791e40d34ee431677715ecccc5916c7,0
0xa9fa5a912b9e0bba5f92e9d193dbd161870b0387,0
0xa9fc884430b4d28253ef198c9730f65b2062549c,0
0xa9fcadb0ba4125c2c9c19f0778c18837ce859c34,1
0xaa2dcfdbfa9dece25ddec2d56e769b80075635a1,0
0xaa34cf6270031ea61b2c51842efb71be65931b62,0
0xaa52833be42565eaee24ef68f30779826cc8297e,0
0xaaa2d728b6c9b3007b580d0f4c159c76da783b50,1
0xaab87bd33b6d8b97811b2849ea71b30244da3cfb,0
0xaac0aa431c237c2c0b5f041c8e59b3f1a43ac78f,0
0xaaf5feaa9e5694b2b293e67558e2da8ea4b1fb13,1
0xab03b77d3c5c0a07b11c2bda74351bb42099a6a2,0
0xab2ef589567019058bd8157ec32d89a093e50e92,0
0xab727fe772bf4a81cb1272a644aa633eabac9c55,0
0xab818918eaa14c55a1dfee783a628293cca97a47,0
0xab9b67896a3f36244d3b1904a3328ab2fea1d5e7,1
0xabb4f79430002534df3f62e964d62659a010ef3c,1
0xabbd5b2b0b034781e58434736728b9d0673de7f1,0
0xac844837a2b58db4b4def35b243ee14c3e36a96b,0
0xacafee50cd961ebc738fa10a433012b6f6d0e629,0
0xaccfde8031e759acd222d83c307fe8fbe488c782,0
0xacf0f78f4e796f6ffb18463c48f53ac676fd1e03,0
0xad259a73b6b0b04fec294996064adf7a719d26e8,0
0xad67d3a4fe6040ccb8ae703a443202ec6b9e4a0f,1
0xae317afa99c5d85afc79ca5c54556d146b8be7bb,1
0xae326bcd07536f1d5403b19f41563c70f3275748,1
0xae3279da7e7d0d26066a1591464d2cacb55dbf7b,0
0xae42c1c7a92dc474440092b592527b90673789bc,1
0xae7759aba5ee59c379446b07b82695f291bd3a78,0
0xae7f281a92834dbfa1e94f1fd23c5b0b3735615d,0
0xafc7902a9cc925760e0ac9b21fb1d29805403233,0
0xafd850735abcbfc71886b4bf93995dc9c04fd27e,1
0xafd8cd311c7bf2635573ebebb97c1a3c7e90f00e,1
0xafdaa6776ce03307469014a90f6b349c3b811e26,1
0xafe900f6771cb5522d8c41cf51c0a0d637b71d5e,0
0xafeb95def3b2a3d532d74dabd51e62048d6c07a4,1
0xafff220654d5009abbccba7084d97909c8d6b3c9,0
0xb040cc5ba746ebda82ab82294dc01d455cd9c0a5,1
0xb041569b6ffac3b2cb6d289e85458e90b62d6ecb,1
0xb07ab50d8956c31363d42fb1134148dac7e1d53e,0
0xb0a5f41a36de795bb102dc41f4c61c6956144282,1
0xb0cc91e33b212709b3e654d02b86a83183938545,0
0xb0dcfeef31375acd194adffcf6f3e685d5708981,1
0xb0fc682a69b37abf85cd519f9e4fd94a8c7c8669,1
0xb110e39468b9b0b566ca4de91d9853d78c2b84fe,0
0xb142639507d8ed140d850dc2d522067126541ad4,0
0xb17b3f999c9f6181cd2a573cdfdb119ee1158a6b,1
0xb18ee2312d3b91d58c1bc3b8febccffc87a3f23d,0
0xb1d72dd9cd988c727b160886b864ee0004965c8a,1
0xb29ac5a152446ae9952be1bb6186f7fcad393dc6,0
0xb2f5bd6b5dcc286c4e9d4ffed3674d93f190a81a,0
0xb3142c70b757eef2e1d2a4d2f337eb86db5b61d9,0
0xb3251d56bf27864f04f315d38dd7f1296ac4a727,0
0xb3262968cb039f9460632ec1fdd7f6b381018ebb,1
0xb3288afb81b6d94886fb7ee985e5ca56bd4f6fee,1
0xb3382ec98b0c4453c6a81bd095d9696fc3c7ec46,0
0xb38a90f14b24ae81ec0b8f1373694f5b59811d8a,1
0xb3abe0777aa9685941e54744e704378b4b33eeaa,1
0xb3b45cbc7b4650035a15c4e858bf7c21667a4741,0
0xb4d3bea9d824c4dd7ded7ccc93e6212e3f0b186a,0
0xb4fb31e7b1471a8e52dd1e962a281a732ead59c1,1
0xb550b4712a4d519164b3436c85bbd1cd1524aadf,0
0xb557107eaee218691f04c4c2028990b229a9d24f,1
0xb58555fcba6479fced7de1485eb054943a09af7b,1
0xb59171a8d1cff2647330096a28d73223e7b27393,0
0xb5c67a3b815b88acd2524b3cc83f2a0da5c51347,0
0xb5c98c0d2861d39c538aff4e87cee946ffa1adf4,0
0xb5eaac5a8649142dcdd13f981767913bcdf7ee42,1
0xb60afc036e86cb7fdfd5db7268df3527e2113933,1
0xb64619712b73fb0e6740040af205a0f8134ef8f9,1
0xb648b440299d7c21a8eed05b0186912b74ccd2d9,0
0xb66f376f3699c8e87c115de85575be49ae29a20c,1
0xb6bcf7c699be3bad2729cb90c6e19f1589efd84c,0
0xb6f1663747ede7b22ec3482e4778504811e7211d,0
0xb7387207cefaeee263817780c60deb9b9742b3c8,0
0xb750e3165de458eae09904cc7fad099632860b0f,0
0xb774e533db1b7edfa7b180f5fc43fbbc3b71772c,0
0xb7ab1de5b259a880c4bb5451bdbe6f80f3798538,1
0xb7b4d4b426dab7a1693c1f7bba192890e525ec2d,0
0xb7c854ed55a7bf36de3217aff276a54d6812dd20,1
0xb7fb2b774eb5e2dad9c060fb367acbdc7fa7099b,0
0xb81a0e6c38c3fec8a171cfe9631f60127a0c5bfd,1
0xb8270b5ba91cb365d51855a968a9a8f829a0e855,0
0xb84d17af3df5d92dd3dfffa9e2cff7c650f21ea2,0
0xb89017a29d5a3193fbd7b76de69d5405e1f63fb1,0
0xb8ae89a8496a98d80e50ee5c6205f05ed1f699c7,0
0xb8ce532445ed649ca6734422a2acb5f3ec404f15,0
0xb8e0edd0d0cb1721fd367dd21a82542204fa1a20,0
0xb8feffac830c45b4cd210ecdaab9d11995d338ee,1
0xb907787e667a08c52c7aadcb5e6ac3b36896f1a4,0
0xb910810a449f2d50b482761764d5765612fbfa26,0
0xb9628e9fb498afa6f5870adbccc9a987df812b73,0
0xba15e9b644685cb845af18a738abd40c6bcd78ed,1
0xba4ff5f9d6508000b7fd0035bd616aaec070384f,1
0xba758daf5898dd34e175364ab20f2eb6f3bf0252,0
0xbaf1d5555d6d280c7bcfc31bc01829213c617b81,0
0xbb4452482320bea8787458b31f71906c6862d2ca,1
0xbb4848e03c8b90459190a5be44969d9e69398d99,0
0xbb5c7807a6ec13381602a3bbd6c548e10207248f,0
0xbb871c9e996c4c315a4c7693e28f1d25d55f6358,0
0xbbd9fb5a548e09d0b6e8b8197e38c5ac925cc973,1
0xbbdc8a2b21c937ced74857582ef14f66c0700aa8,0
0xbbe3188a1e6bfe7874f069a9164a923725b8bd68,0
0xbbf8e7cc7a29af9eb149beb9d83cfe015719f9ef,1
0xbc3a058d1c919f6b1f48e8846246d04d467902c8,0
0xbc6fbfb683a7519fbdf9148691b3bfefe998841b,0
0xbc830346ca94089cb09169226f07d587b2eb6e2a,0
0xbce6c8da74c37dff24b45bafbe8001371dead223,1
0xbce8c9393f6b93e73402ac55fe4b22dd786386df,1
0xbd1876611b9ee9927d2c892479bff5b31e9e96d8,0
0xbd73cf5baf12f120ee3f6c4ad82df9a12649e578,1
0xbda8ae721791afcebe73b02e43e7c64c59903911,1
0xbda8b5ced669c0d7830a046d54815c26445a33f8,0
0xbdfa4f4492dd7b7cf211209c4791af8d52bf5c50,1
0xbe30de538c0f2a8de5b0f99dcf0b40c0e9b9a8cb,0
0xbe66ec1b912af7f15fe45fee74e4f77efdd414c8,1
0xbeb69e7ac7f59bdb79b89fc94ed862c6b39f3c00,0
0xbeb950286415e279cac5cdd1951ce1af58bd4273,0
0xbed4dbd30fd3aed29c2d133fddb611f8aa517c6b,1
0xbeeec612beb3ce8f380b4bce1451dd1882fd7502,0
0xbf0f1a907967cabddf946693155c71d174bff7de,0
0xbf21f7aa553b14169c0e38dc085aaa64c62996e6,0
0xbf2be2410a02eaacb81d979c48c4200434e015bd,0
0xbf7a18c881e971041fcb0d57a679e8944c742edf,1
0xbf7f3824cec99f73ac5fa53cc34116f4f0dbb69e,0
0xbf891e7efcc98a8239385d3172ba10ad593c7886,0
0xbfb496acb99299e9ece84b3fd1b3fdd0f6cddf49,0
0xbffa59df830f1f1bf43186613c38e531a12664b3,0
0xc01be94ca89c95c922b8bf87672e65e0a141d958,0
0xc02602a077a48aeb225f39d6fd144c5d57c000c4,0
0xc02665f7d96d9c7db5c7cb3141dab9cb7837c51b,0
0xc0460e4d3df409053f326040d3c74e7dfd33af76,0
0xc049d3e14073874f1f777fdec6536624abd5f04f,0
0xc05b9bae098acac6dccaabaaa9b148212b804a49,0
0xc08b122fb1057149f55d49d3d5cea0d083b37ffb,1
0xc0979af67786f30dea9335665592d6813b21b819,0
0xc0f2eacf7544d7b1709901db43810f917141e9ab,0
0xc0ffee17d520056942531cb6d4d6251ff8163bb1,0
0xc0ffee1864731c3c33a1967fc8e0fbf454a6a006,0
0xc0ffee1d2edbe6dad64af3d05c0421cbecdcb83a,0
0xc0ffee2d423e04e42a02018b71455753878d9de2,0
0xc0ffee2f93b3f53b081f9e775dc47cf54587237e,0
0xc0ffee48945a9518b0b543a2c59dfb102221fbb7,0
0xc0ffee48a9e45ad104a5b38c0844aacc5b82e6f8,0
0xc0ffee62570f490c781b24e3c3e29b5f94c726a3,0
0xc0ffee666bdd7f9897c72f9195955a16d63c0ac4,0
0xc0ffee722c49a8c105b0d38d32d374eb6ea1321b,0
0xc0ffee90c2cfa398e0af37eeadb39d200e331eec,0
0xc0ffeed427cbb2d1212fa92ff2cad061ecc1f3b0,0
0xc0ffeefeed8b9d271445cf5d1d24d74d2ca4235e,1
0xc13e09c5baa0b807a0c03fa8f55b930265b30e86,0
0xc18a4097bad7830b1e9e38cec116fd0843286fb6,0
0xc1b3a919cd84eb29717a641a86926c3184b0a1af,0
0xc1b9e80222f634246f0f38535e0a58203603108d,0
0xc1c7be6aff14a64396b8e90b424e84a45aaab317,0
0xc1d023141ad6935f81e5286e577768b75c9ff8eb,0
0xc251015c35b22a9ac5f89b864913d0ccfdd9ca39,0
0xc25dbcf2ad3e7471695c0b8ab80d692b028a3019,0
0xc26b5977c42c4fa2dd41750f8658f6bd2b67869c,1
0xc28e0870be1fa7a148c1801bd597de078e91b0b7,0
0xc2ad7d07d091e5d7eff795fe45d014bf4b855703,0
0xc2d00cbcc4240ed5c1625b56b47ae76416420c69,0
0xc2dc142198c1767815bd1e32603742605b28e16a,0
0xc30b67a08e962b40f1fa0a4c1052c118ac0a61c6,0
0xc30c7ea910a71ce06ae840868b0c7e47616ba4c9,0
0xc31a49d1c4c652af57cefdef248f3c55b801c649,1
0xc33e9aa83cb52854211f3ca85608e755b6ac932d,0
0xc375be3817ce7a9c4e0ca652fb895315ff300ef1,1
0xc37704a457b1ee87eb657cae584a34961e86acac,1
0xc3793365491641b70dc178b49165bfa0e0354fa9,0
0xc3a1bab8fef2767db914b8c22d0617933a91e3b0,0
0xc3e1b73dd6a86fea5317f9043968f0efe8b98add,0
0xc3f4c378bdca568382176c99e61f098f1f8165d6,0
0xc40ca9847255a1b89ac50ee08555ec150a1e23a1,0
0xc42973b5496d6767ccfadd8612a3a12d4843a912,0
0xc468315a2df54f9c076bd5cfe5002ba211f74ca6,0
0xc47eff2d0b444001dfc2121aaf9b6d6db76af010,1
0xc4a7d7157a62e7fd0955353da12ff60af24cc2b1,0
0xc4c162e5e2475675cf07f4c851659d0f4266c224,1
0xc4d219b78ec5d105253e016d7401ce005ed7346d,0
0xc53bf13f351e2b43eaeb5b3cd03af28f6acabaeb,0
0xc550b847103a04152ceacba16d0fc7319e125ff0,0
0xc55fd69c964e82ee4bc7c7f89bf1356be2670c6b,0
0xc58f53df7411f58afe5b2965bd2c67a7b5632368,0
0xc5a11c8e88f230cd4c08a8a1d9637f1886069e0b,0
0xc5b2359fe6b4a7118b67b116069ca2e7cf3ccc27,0
0xc6116805da7464a3434cead8e3b726c3e2695ea2,0
0xc65f45c3ac07c57c566341811234c8aa5afbbb40,1
0xc688f931074d660fa93f857b16f6200d07d55f69,1
0xc6b9efd99763cbbab529a834b6d04137d0e380e7,1
0xc6bff3a6295939c3ed0e02bb36955e14a9a552a8,0
0xc6c6977e925f41ffd60b205be442d725564fa507,0
0xc6d6f22096d5919122b25cc2e79ccda0f0bbe098,0
0xc6dd9976066f3364b4d6a72cd4f1fa0468327aa7,0
0xc7547884339d506def85939349d92036f2574907,0
0xc75a332c7c9a9856188e4ce203c5048e6a7d664a,1
0xc75ce14c4534b8f6fc213ab2c73d3a6271b3b918,0
0xc76f39917e38426515ed15376e0b518574e67f05,1
0xc77614364aa36e34b062a1a56500b7c37841c8ec,0
0xc778f27cba337ee45ec5d0c867e0018a13d3f338,0
0xc77bec38a4b6544deafc39d0f2741e966ce1478a,0
0xc77c6375e9fd581701425a6fb70bf371fb1cba28,1
0xc77e09c6c6db526262b569a3fced00dfda7b4543,0
0xc794b210337339ce83f5be21f0f62802c029b332,0
0xc7b7b5bcec733a61baedb51da0f0c53270f3b534,0
0xc7bf1bf8d639db5ae9c52c905747795752dc967a,1
0xc7c42e765017de6d08887d92e5cdc9843aa5888d,1
0xc834fa9de51a0b5dce93778db9dc37da917872d2,0
0xc83b29f780143fcbc44737e6ea9ff43ae39b917c,1
0xc8801ffaaa9dfcce7299e7b4eb616741ea01f5de,0
0xc888b7d816bae47ac38e017025b82712c458ec7d,0
0xc894259e2fe0d127da8c51623615a0eb9b7a59e4,1
0xc8daf15b6e98023889b7c59b07a6f3d3f810d755,0
0xc95a913a4f6fa7764a5b7e16a09cd690db387def,0
0xc9935383bb5852b40ae044bdc6fae4db26109976,0
0xc9a5643ed8e4cd68d16fe779d378c0e8e7225a54,1
0xc9c3a1757e876ce057416e177b5154fbacf356f5,0
0xc9d8e2a29af58171bde1e1c1a512a7155cedf618,0
0xc9f5920f5fa422c1c8975f12c0a2cf1467c947db,1
0xca686974913389d42f3c5f61010503daccdb487a,1
0xca911d709040eed906db4d8f9719395ef3df2ee5,1
0xcab214433774207c46373ac6661be1bd3f78668a,0
0xcb2ed83402408d32441bfaef2167393f31e8574c,1
0xcb3e8ff64aa10af82e98b92d5372ae34de1ad10d,0
0xcb4a7b790edb7fa3e2731efd7ed85275f92fc74a,0
0xcb56637e3b7bb4338f53ab50fc8d6740446474b4,0
0xcbbc48343f552b9e709f035290792411a01586de,0
0xcbedb9154e6cac37658e3b545abf956b59b53adc,1
0xcc57297cb89986ae26d27d763fbe575522c67ab7,0
0xcc5ce245a296667aca1b5855f1a05ca950017e68,1
0xcc6e964ee9a378e6d90126057b27259546eb3f0a,0
0xcc73072b53697911ff394ae01d3de59c9900b0b0,0
0xcc9f0501f408d5b0e4bf73c3422de880f4ce279e,1
0xccb8e090fe070945cc0131a075b6e1ea8f208812,0
0xccee77e74c4466df0da0ec85f2d3505956fd6fa7,1
0xcd14610e6ab9bdf20c674b1d6b47c4e4f4c641d8,0
0xcd40532686b94abc88b06b9705aacbc14c8364d6,1
0xcd812016b15e1937e281b7b7b1f1654e54cc0818,1
0xce75908c3841dadb8d6e864f68feebcc7b8f7814,1
0xce8a3b66c5509e7be0f65485f95b69159da870e4,1
0xcebcc16545abc5d50745001512a9d7cdfe2d19f9,0
0xcefea55464fc4ecf2770a4de819a32b724fada5f,0
0xcf303b88667f5da7031c7c84e9cf2195e1482220,1
0xcf351e3b6fc104d9906897b16f2043ed593bea25,0
0xcf365c1ed3faa25cd31383d3924cf3c655144755,0
0xcf61310e834e2be6a7a0250e2cb7bbfe094185b4,1
0xcfd06db33dd333b16daf1027cbca9d40f21b3ac6,0
0xcfd8aa4314bb9a0da2f3c806b23b54e811b98310,1
0xcfea77284e7556f844967aff9d2457233afb2ddd,0
0xcffed5abae3abd17591d74c61784c075e7edde35,1
0xd007058e9b58e74c33c6bf6fbcd38baab813cbb6,0
0xd0392e43557dad622db230c515ede5810e085ec4,0
0xd056c0eee354b24fe7c5d4ee762c4d7574badac1,1
0xd0a310a2edc7b13ac197b3caea65de85ccf891a4,0
0xd0d89c76614471beaff5349bc9a0252e50b86e7f,1
0xd12e276f76a55af8558e149b5efeb6aa3a64ee84,1
0xd14e063678c9fb6ebcdf95e24d2d4a72c8929166,1
0xd14f076044414c255d2e82cceb1cb00fb1bba64c,0
0xd15575112ad90351ee7b370ebb736f2777cbd56b,0
0xd16d7a150d3b7863b4654ec74822d8a332f0c8ca,0
0xd16f58b61f166ee3ab072d87d34caf45d8bab1e2,0
0xd1ab59531a64ae0431a49ba12c0e032768adac6a,0
0xd1abe5db14d073883f2084c2af105652102bdefc,1
0xd1b05293c56420db53275ff3d2bfb48a7d887c50,0
0xd1b62563b6393b4e08288bb7cd73b59ffe99a807,0
0xd2338886fe5c2c01af6cce4f6e2ea0fedba2856c,1
0xd283691dcd0316b80b59edf2e36214662fc1c9ba,0
0xd2dffdaa2d79ad82a9d68ea81aca4a756f23b675,0
0xd383165100047d9b3691eebcbb490f481f6ada2c,0
0xd3d82d7322257cabdc4bd9f7437f29197d9bd364,1
0xd3e324c461b90f73e1391133b3beb80afeb2e6ff,0
0xd480bb579f61edf044d0e86e33cb72310c816d6a,1
0xd49dcb96ffed3e096118625fd5fe2ea601fff11e,0
0xd530068ae13de839b9d9f40364b780e9345422fe,1
0xd58fab416bb2e2e6ab6fce17f7ebad5cafd84c85,0
0xd5a809d6dbee62a34cf4106080c6e04b8d9ce285,1
0xd5de5b2475e2a4221e5b314a96678d18f9d71d93,0
0xd5e25a80c867f04318d28a0e10b12a2d4fd08c19,0
0xd64664ccd76cf1508a3783a5836f06de9c007628,0
0xd6588a1f19e566c9b617285d261e97dca1791679,0
0xd66570edcdade24edda902b28f2172e9ef8395dd,1
0xd6950a9d81b5f6fe51e3e91ac5cdf235555b649d,1
0xd6a625bc1aed44e4f0f8e1fee6f2578f4105cd06,0
0xd6d8f61c549e4cfdc7f5e240f942caa8d6bb8856,1
0xd6f9f050049d34782e934e40b946be2f70184d89,1
0xd7287a06e84abf3bb1d8a3299b4be37056ee2882,0
0xd73763fe9ced56bedab777133ce078cbfe2a1817,0
0xd7583e3cf08bbcab66f1242195227bbf9f865fda,0
0xd80596c48466256dec51550155ce592568a4df23,0
0xd84461e0108ca923df13972d7afe5f3fa4dee5ef,0
0xd909ad938e0cce2405ab47c699974c660d9eb24f,0
0xd92c4e3e434e2d05062c7b842a16ccd3e7a5b9b2,1
0xd969f14a8ea597c5ca6f583e3cfe203636e18bb1,0
0xd9f0834e7ca9b9262df3189b850ebf9514027e82,0
0xda8cf15bc458a7b13735e7d04495f8cda53f3205,1
0xda92cfbba87fd98d35e320db18176bfe47a140ca,0
0xdaa266cfcac70911a7c7d254de3603271fa3560f,0
0xdaadb6a9e956eebea5a09ce7f23a6e32a5ef4324,0
0xdad8729a848d2dd85bed6cb5a27fd22e9753c0e0,0
0xdb1aabe42f48f4b6b40cded8eeefaea3ebab2766,0
0xdb611d682cb1ad72fcbacd944a8a6e2606a6d158,1
0xdb8cddea8d38b951c2600107955a59dab9bf5003,0
0xdb8f9cf64ff3948bb5a21116e8910a7dc8cbe37f,0
0xdc2e5920d9ace167633f384a421c0b4cf06a3224,0
0xdcc5b9ba5ab98dc38477831ff359d81f911423eb,0
0xdcca6a296e994da20a6fcccc97e7084519d24483,0
0xdd84ce1adcb3a4908db61a1dfa3353c3974c5a2b,1
0xddf725d2ebd795748dd8c6b700b7c98d1dfb8ce5,0
0xddfe0b953e0c88aaa8f01f769ffeb8c856e80f51,0
0xde11da1a95a6071d4470e672fdef10fb1e4b0660,1
0xde2a3b8017453b4068a7b2a692f2456dabdb7a25,1
0xde40b9ea63148965f9fe737f8f8b6fbc09d7c615,1
0xde604c63852c51e6d22c34d1e4a1698f6ade9288,0
0xde6b2a06407575b98724818445178c1f5fd53361,1
0xdea1cc1144b67e9763bbc325dcbdf9a6ad5bb2af,0
0xdea3c888e6d6bfe77ee9b8718a6878044ce6b0c3,0
0xdea44de0a68ecd2839eb170db9ea4879f1d7e6af,0
0xdea6ae1cb67651b8db671e1f2fb3e2a597862937,0
0xdea779b8252ac075e92966d773592010ff8131b6,0
0xdeac5d343a47041b7ad534a8b253a3a7887a5b25,0
0xdeae86233fb589e63a10658f0907ed122bbae56b,1
0xdeaf22e73aaa6830948662b2a31cf36d58125927,0
0xded856bbf36a3dcd070c40bb2c8d966ec727c1a9,0
0xdedac74e6a7b5112b3d78518c858db3091a05390,0
0xdf25bf99ca43df527093588a6fa2aee7d484762d,1
0xdf2609ec3d2e07a79d2e25e52960e75250bd9aaa,0
0xdf2ec06a76c8087f237048fe2d337c39280ac842,0
0xdf59ab0bc4e175667b6e2bd77fdc585d088b5a2e,0
0xe045f62a4446e47db8afa0bf8bb48098ca296083,0
0xe08cc4bc6bd77774fe107f7ffb48add75ae53245,0
0xe0ea69315f009e4db4d5aa145d7087d68552df85,0
0xe1009b65e306625713ce113b9b10ca7096b8e555,0
0xe14386cc2119039d33015be49e4cf0496d740565,0
0xe170ed9d77792397271d564c7161351d69fe9300,0
0xe177360194f8309889cdf06cf20db2ebad851fcf,0
0xe17e026d3dc521154e773867b4e20577b32bdff9,0
0xe1a56ea785c1ebfe33a5bbb9e29c910cbfbba965,0
0xe1bafb5f16d8829d7b35309db6aaf57a882c9511,1
0xe21a01c94e49bbdd6d598c96ef274f100851b160,0
0xe2ca3167b89b8cf680d63b06e8aeefc5e4ebe907,1
0xe2e71c4bc2943a132914da31b598b923b09ff7d8,1
0xe2ef539c0a677bcbe3099a5c735477b59df4ecb8,1
0xe3067c7c27c1038de4e8ad95a83b927d23dfbd99,1
0xe35ac5ad3a351e288fdb769ba4aa975c9bce12d9,0
0xe3fbd803865f2dad742786fbaac4a32d7ef9f3f5,0
0xe4139f5ea6e995f4518232acb1293bd879a1d177,0
0xe418ee2df21ef818d20194113281d3f4300aead3,1
0xe4613af9ecdf8db83707546af9d4bd9da76ce504,1
0xe49b88dc1a7aa49255e20cca9855479e877191e0,0
0xe4bba3df27bd391201f6049eeb2a65ba32b6e7e5,0
0xe4c8f205aa7a53a3479429913be832294d47297a,1
0xe4cb1cc4a206766b891e612ddc0e044306cb45ab,1
0xe4cde89434732ae46d3cc124fc0215d523f08b40,1
0xe506b89e12b573e4408a84eaa0a79697bb2800a1,0
0xe5285e8156c440eb32df19113d1dadb55f068e6f,1
0xe556e36537fd64a5a9572961f0a5aa0f61997e68,1
0xe576986cc1dd13ebc07d4d871a3df75a97564861,0
0xe5818d70a9b5aed2bfde4e41fbcb07dd80f8fc84,0
0xe5ebcde141e98c23c150bc350b72c23fdcb747c1,0
0xe5ece2caf0b7967eecc20898944013c8dc80ec2d,0
0xe620c1f976830be4d18a7fff5bde1cf26a12c690,0
0xe6680d000f3c27b148e61346549fddd682e7cca0,1
0xe67090216073bc8771f4bdeec4c0f0a8af71a0f7,0
0xe6a20a2eade672bcfeb19529137c5f79b406c596,1
0xe6baa323545bd92a5db289f5368a5edeec059b52,0
0xe6c4721a4f9e38d7204c36daf92ca15fde6876fc,0
0xe6c4e99725541992a34477849c93901a96bf7812,0
0xe6f3bcb361d96d0c98c2d0f787b97c9d10267a11,0
0xe71cbf47fff309813bcea54f3ecf49a5f129264d,0
0xe725347255607499804a1d24dcc2db546dc36cb2,0
0xe7b9356d40c7b429cf2fe227ebea9908dafc9006,0
0xe7cc930380cd2fd0ee8bbd6cb609a9b1a713149d,0
0xe7e6705640a51e95aebada584d466f78f9cca209,0
0xe7ef13fddfdbb299d2f1caac9d7234877a74a432,0
0xe7f525dd1bc6d748ae4d7f21d31e54741e05e110,1
0xe84be9e334ab5a075ea9335eb1689b3dad02713b,0
0xe86248546c2f9cf12add70fb908cb7a246bccd13,1
0xe86ad01212bbb97ed85e117a5ec797123957844b,0
0xe8cf0b110bf1cd9b0e74e8d6852eeb96c699100f,0
0xe8db823d5d17fac0ab7183e03f688de0ce63de15,1
0xe92ea8f400cb9bd368bd1185c9fc5e2664770341,1
0xe97881a663a97b1fecbfe51a6318f2d53c7a49cd,1
0xe98c552aabf167507fa2ba8ea47c52e45418bd1b,0
0xe999c0a515cd1679d20c0c216ceb46e981c7073a,1
0xe9d0a2d366f831f6f6b71f916a1628fb63aaae08,1
0xeaa7211c025691a4c0a1d92b5d5786a08f96e963,0
0xeaacf8f972165aa560b5fd74e661272295885db3,0
0xeab2f39e72ade9bd920656ddab13de30f619373b,0
0xeab78c698af2083278bc5eb84585a413dfaa1793,0
0xeae3ee53ea27e7d409c6fa6dcbf0e8aa81cd5d1e,0
0xeba958e17e20bcc638edf37e44fcddf5474ac9bf,0
0xec25beddd32b4daf17dda9783af6b24c75c5c71c,0
0xec29346883cddca45a56982f1a559238130a8c02,0
0xec2c5c305806dda5e2852571ae974dd38cb265dc,0
0xec461654f7283def05d9744f5c73cec9f88256d2,0
0xec6519f884ef81fc2bd6b760532c864917cbc816,1
0xed0c6079229e2d407672a117c22b62064f4a4312,1
0xedbf45f1758b1bcbe7bcfabef53d04bdf1989438,0
0xedc66382f1e7fe11c259761cbddbdcb995bf472e,0
0xedd538785fe8cd7ecfdc08b1a6b93925d741cf1b,0
0xedfa41455636b94dedd754a1da506d705505c08a,0
0xee02a8447b885a64eba7042d824e65aa07aba10c,0
0xee2826453a4fd5afeb7ceffeef3ffa2320081268,1
0xee793cf9c118921e147396c1fcb01855793c6883,1
0xee7ca610d896c53ffe716b801c05748efd902954,1
0xeee7fa9f2148e9499d6d857dc09e29864203b138,0
0xeef4b7628b0b9384d793326f5314e47c31ef3b21,0
0xef45722e2b2ba9c5a319379346036c18e51f8010,0
0xef491256a90611103395da600afe64bb062fd655,0
0xef56bb5ae0d0e33602deeb49569a0a3c5644ba4a,0
0xef586a266036c3d25591ffc4470d82ab8dd14ff9,1
0xef9fc75f3eac4baf72e0de24c8677187523e85c6,0
0xefabbdefad6c123ffb11f1e3251d516e2764495d,1
0xefad457a14b9f8046db4c574a48ce806be314f20,0
0xefae7395c20eb28f4f9810e8688a5ea79e1e24ed,1
0xeff023bb006da503414507062bb4b86291e8707f,1
0xf0061709817aa4672a85f3a14e0b7c9e92e9542e,1
0xf007d777a761fb94f29193e902fca80181c8b009,0
0xf01c88bbbc3823e1ab805aeda40c55e18f3b6428,0
0xf0361b42b5b28d31f7c407f792c343b86e4983fe,1
0xf0458f5e6fb9497fbfaf671d9848335b9b897899,0
0xf04ee54d03d7cd21bdcdf837a580d96b62478480,0
0xf0594c390e6dd5d4626d367d7fb2079b1d5cd67d,1
0xf073a21f0d68adacfff34d5b8df04550c944e348,1
0xf078969e55cabf9ae3f26afeb5ec627b4430f19e,1
0xf07b4d27cae6571857e51ab3fb209f5226de2d88,0
0xf08832a07b1ed14f9d57d05911bf2aec554d438f,0
0xf0c98a45d3421575ccb1800fd522b817a9212a5d,1
0xf0e2483f64d4347cadc11fdaf2abcafe27e62066,0
0xf10ced223a6d86c863bb27f9fd3a40328877d7d1,1
0xf12b926a2ce452a4fdbbeec3c3d04e776104dbc4,0
0xf17e04068dd253c172e3ada593db379d1bc36947,1
0xf1849a96da3e13074869853a626ab7f1e57f9f74,0
0xf18a3ddb199d40cfa3ab0afc88f45862e6d62a66,0
0xf1e9d7adbf331d50cb8fe5cdbfcbd4e68cf76e5f,0
0xf2085a1521d11396fd182c7a5fb2622f74cf1de6,0
0xf20d2e37514195ebedb0bc735ba6090ce103d38c,1
0xf20dce1e8efd106c871c3872200234225a20b712,0
0xf2432ae59486a76589ce08dd73ddac82baf728ae,1
0xf276d10b388e00b8a04b1362f66c6e2aad8a1960,1
0xf28e1b06e00e8774c612e31ab3ac35d5a720085f,0
0xf298b9cae102e72dd957fed231cc776c78a3936f,1
0xf29a32073c35f228144f3d4b787d76f47ed3771f,0
0xf2b306410dbdcdc8cf00d9d8ff4f11036f6bc5c3,0
0xf2eae206f22afe2b9b1c71a274a85bd0d4cdeac0,1
0xf31c6e89a1b3aa03e9a89f8f3ce5a5092160fb91,0
0xf34804568a14aac794401bd401ba2101a084b244,0
0xf34b1bf36728dbee1ab4737134a6133680eaaa08,1
0xf38e62f211a5b30e0c33dfdf62346298ec15441f,0
0xf3e3d9f222c2b0393482b8e5b120971b3b878ad6,0
0xf43df64cd3363f2bb1354e45cdc2dde642532af3,0
0xf4673dbb9188406ff51bd421fdfa339f7dbc5aea,1
0xf46e621e057c614a8b11fa61ecef1178f0596cbb,0
0xf47b274bf5e6ac9190620bca1ef10aa417d00319,1
0xf480fab87c07ec2ddd68a83ec0319bb466b1afa2,0
0xf488946c1c4a9130c9b4f8fad30b50e35da57f98,1
0xf49b3852419160376e19053785a3f09cf47e0e15,0
0xf4b7257927c130d106307234bbd8489b0d8f520f,0
0xf50a0c58c959071d3937bfaa85265fdf9364345a,0
0xf53b384bf1c30b79a510bbabebcd9ce6e78bbc21,1
0xf59362defff3de62f6d757e155f1842a3a888982,1
0xf61ae36433263c61138d334197769e155307f987,0
0xf62a0ca231b52e764f1ecac7b4502feb43c3381a,0
0xf661f18a7af20e30bbe5eca12546d766c750be53,0
0xf699fab3be770157e0906c18007d7bc14443c388,0
0xf6d6128bda3e16923aec500a8e8c4fd6fd588a75,1
0xf6e0efd25be6f4302190ea44db596719aa400588,0
0xf6e335793f3ba05d089028ee419c5994d0a7daba,0
0xf6e3d406293ec344d73a355d6ada9b2d63c87eaa,0
0xf74a9371625afc2bba505aafe753b8dbe741effc,1
0xf7722c302eb28c0655874050ac7ac37533003cbf,0
0xf78e050479e3d59e4c67722b6f5a5349a55c293c,1
0xf7bf389531bea3ba0fdd3ecd63b8feeb37b039e3,1
0xf83db716a1ff12f9005f98f678d8be97b8bc81d6,0
0xf884d30f2e2f44ea749fd62938b1eaf50ac5e1d7,0
0xf8a3e41334c726a13becba2be7134c73fa5cc8ab,0
0xf8b64b6015f6feb1fbe79bb512f1113e829ddd96,1
0xf90029931c7a9a27e350cd35c91cbedbb58350c4,1
0xf91dc62ecb1d2cfc6ee72e1e7a27288c20bb5486,0
0xf93a1e472aa52d0354fe17d7967263cd62a3c02c,1
0xf991acd672d5b344afcb29931af6401ed32e2691,1
0xf9ca3da287a3ca16480976f5d03b46b03882534b,0
0xf9dd6fc91f26ade2050a89f324de5d64de2ad99a,1
0xfa0253943c3ff0e43898cba5a7a0da9d17c27995,0
0xfa18305212046966dca26dece54e29354389fa80,0
0xfa1d4ce9f0423bf353795ba85b47c3bb46e9a69f,1
0xfa494a7cff881853de5f0f482458072649858a94,0
0xfa4fc4ec2f81a4897743c5b4f45907c02ce06199,1
0xfa66759e7905297daf1e312751a85885fc265777,0
0xfa7ffbec31b82b06b56d91754e003c4e8fe12652,1
0xfaa019ebc160fa0be345df7ed4e27b654494923e,0
0xfaacd79182704b637992b842dd926402cd6335db,1
0xfac983fce7ef3cee8ffb2ceb967e1b2362aada00,1
0xfaeabf9eed6c8a622b7855582615c967dfcdf1ba,0
0xfb51d56937c28904ae3e5aaca8beefcdcf97ff4b,0
0xfb69ad7239a530b80aeb2908eb8fe0f52ac8999a,1
0xfb7ce7b78cc7356664d42c43216ebb6c7e49b627,0
0xfb87c2b061a110958f5e187754b4cf7e5e21f20a,0
0xfb94d3404c1d3d9d6f08f79e58041d5ea95accfa,1
0xfb97b12b44ed7aa71805eaa85193b5308f7131d5,0
0xfbba8fc4278558f6115d0b842a83f86a56fc9349,0
0xfbbf1826aba90704a2167d2eb4a7a9d83a8de9c7,0
0xfbc847fa8afa576c43dc85afe84edd637bc0a904,0
0xfbd7d9533c43e065aa4d5ca9c6fb75744cee8b5d,1
0xfbf73c3622668cfe655faff8fcb9876015001a5e,0
0xfc0d7985d69aaba7b26e018d4bec8f018746f6a4,0
0xfc1d21a24280e78fe53a6b9aefac55e33024a515,0
0xfc388e0a39505778a89665c6451421c798ce7d83,0
0xfc99753d1ad75cdfbde194b4f5cf98d49d863df4,0
0xfce053a5e461683454bf37ad66d20344c0e3f4c0,0
0xfddf263e3cd2b3f48acf03ec997edb9ebecc8d9f,0
0xfde0d1575ed8e06fbf36256bcdfa1f359281455a,1
0xfe0953dc43647a9fae054470041adc705660cc32,0
0xfe7f55df1f6c9a5932393f61a2a3b0fee67176eb,0
0xfe940bfe535013a52e8e2df9644f95e3c94fa14b,1
0xfeb5109404f81f2dd5f0fb6ba8dc921ae2538b88,0
0xfedb7220169cc948ec5e0fbbe4030fef98ebf57a,1
0xfef2a9e08d92fb348485219ddb5322fe24960477,0
0xfeffc588f4ea9c18a8b6cfb96e2ea9556bc516fd,0
0xff7440df18af98cdfae210ce359013129035634e,0
0xffada75297d9914a99ca9b0a040d671cb5637faf,0
0xffd502af295e5811aa364de8ee6d2beefe2f60ae,0
0xfffa6fc6acc3dbe04b175862376f1c5ff88cf9c1,0
